strategy,budget,coast_km,n_runs,n_sorties,survey_km,transit_km,total_km,time_h,relocation_km,frames,detect_cpu_h,data_gb,captured_frac
prior_hotspot,0.126,139.94,29,178,1011.3,20.52,1031.83,56.75,345.45,202260,12.36,79.01,0.99
prior_hotspot_gapfill,0.126,140.34,27,178,1013.76,20.55,1034.31,56.89,345.56,202751,12.39,79.2,0.99
shape_default,0.05,55.34,81,100,480.67,37.3,517.97,27.74,560.93,96134,5.87,37.55,0.009
shape_bay,0.05,55.36,18,74,439.44,8.17,447.61,24.64,180.92,87887,5.37,34.33,0.001
geo,0.05,55.2,1.0,66.0,396.25,7.735,403.975,22.225,38.495,79249.0,4.845,30.96,0.124
random,0.05,55.348,263.2,126.8,421.138,363.49,784.626,33.494,1014.444,84226.8,5.148,32.9,0.047
shape_default,0.1,110.7,117,176,931.37,44.13,975.5,52.97,791.53,186273,11.38,72.76,0.018
shape_bay,0.1,110.7,92,171,929.79,48.91,978.7,53.01,779.95,185958,11.36,72.64,0.028
geo,0.1,110.67,1.5,132.5,801.5,15.25,816.745,44.95,93.16,160299.0,9.795,62.615,0.193
random,0.1,110.74,498.8,209.6,838.712,604.376,1443.088,63.382,1117.178,167742.0,10.252,65.524,0.101
shape_default,0.126,139.54,162,219,1172.07,90.48,1262.55,67.63,879.34,234413,14.33,91.57,0.029
shape_bay,0.126,139.5,141,217,1174.25,66.69,1240.95,67.09,907.51,234850,14.35,91.74,0.037
geo,0.126,139.47,1.5,166.5,1022.97,19.05,1042.025,57.365,119.785,204593.5,12.505,79.92,0.199
random,0.126,139.544,610.8,245.8,1053.846,678.05,1731.896,77.382,1158.218,210769.0,12.88,82.334,0.116
shape_default,0.15,166.14,226,264,1386.39,103.17,1489.56,79.89,922.91,277278,16.94,108.31,0.043
shape_bay,0.15,166.14,185,259,1389.71,98.42,1488.13,79.94,991.69,277942,16.99,108.57,0.049
geo,0.15,166.07,1.5,198.5,1224.055,22.74,1246.795,68.635,140.425,244811.0,14.96,95.63,0.204
random,0.15,166.128,711.4,284.2,1255.912,747.134,2003.044,90.528,1187.938,251181.8,15.35,98.118,0.154
shape_default,0.2,221.54,304,343,1809.1,149.1,1958.2,104.65,957.54,361819,22.11,141.34,0.113
shape_bay,0.2,221.54,282,356,1823.23,146.6,1969.82,105.36,1074.39,364645,22.28,142.44,0.089
geo,0.2,221.54,2.0,264.0,1627.49,30.455,1657.945,91.26,198.065,325497.0,19.89,127.145,0.275
random,0.2,221.52,888.2,353.0,1658.328,823.57,2481.898,115.008,1211.698,331665.0,20.27,129.554,0.202
shape_default,0.3,332.34,361,499,2616.05,155.03,2771.08,149.64,1079.24,523209,31.97,204.38,0.297
shape_bay,0.3,332.32,541,529,2701.53,401.47,3103.0,161.24,1226.11,540306,33.02,211.06,0.207
geo,0.3,332.34,2.0,397.0,2419.41,46.7,2466.11,135.71,282.21,483881.0,29.57,189.02,0.435
random,0.3,332.324,1164.6,505.0,2482.76,852.656,3335.416,161.616,1258.738,496551.2,30.346,193.966,0.298
shape_default,0.5,553.92,450,795,4238.66,205.72,4444.38,241.2,1233.67,847732,51.81,331.15,0.524
shape_bay,0.5,553.9,847,857,4354.52,417.61,4772.13,253.52,1288.1,870904,53.22,340.2,0.513
geo,0.5,553.84,4.0,662.0,4064.46,76.94,4141.4,227.94,554.76,812892.0,49.68,317.54,0.684
random,0.5,553.892,1380.2,807.6,4087.228,746.98,4834.208,247.818,1319.292,817444.6,49.954,319.316,0.496
shape_default,0.7,775.4,354,1048,5781.29,211.31,5992.6,327.05,1315.54,1156258,70.66,451.66,0.763
shape_bay,0.7,775.44,760,1120,6007.43,334.57,6342.01,343.04,1327.93,1201486,73.42,469.33,0.683
geo,0.7,775.48,5.0,926.0,5665.35,107.56,5772.92,317.73,760.73,1133070.0,69.24,442.61,0.864
random,0.7,775.444,1181.4,1125.6,5654.256,508.35,6162.604,328.246,1353.766,1130851.0,69.108,441.74,0.704
shape_default,1.0,1107.84,22,1333,7992.12,156.46,8148.58,448.35,1378.06,1598424,97.68,624.38,1.0
shape_bay,1.0,1107.84,22,1333,7992.12,156.46,8148.58,448.35,1378.06,1598424,97.68,624.38,1.0
zigzag_all,1.0,1107.84,22,1333,7992.12,156.46,8148.58,448.35,1378.06,1598424,97.68,624.38,1.0
