seg_id,ring,length_m,score,bay,exposure,strip_m,selected,order,sortie,lon,lat
0,0,200,-2.448,0.315,-0.585,95,0,-1,-1,-160.092466,22.004439
1,0,200,0.318,0.548,-0.736,59,0,-1,-1,-160.092414,22.00304
2,0,200,0.641,0.541,-0.315,31,1,107,7,-160.093312,22.001498
3,0,200,0.741,0.538,-0.176,34,1,108,7,-160.094656,22.000206
4,0,200,0.302,0.495,-0.208,59,0,-1,-1,-160.096122,21.999172
5,0,200,0.601,0.517,0.047,54,1,109,7,-160.097333,21.998166
6,0,200,-0.996,0.418,-0.307,59,0,-1,-1,-160.098071,21.997798
7,0,200,1.317,0.58,-0.162,54,1,110,7,-160.099055,21.996542
8,0,200,1.963,0.57,0.585,104,1,111,7,-160.100781,21.996021
9,0,200,0.933,0.467,0.845,105,1,112,7,-160.102499,21.996691
10,0,200,0.785,0.509,0.421,91,1,113,7,-160.103966,21.996956
11,0,200,-1.525,0.398,-0.017,9,0,-1,-1,-160.105227,21.996981
12,0,200,-0.984,0.471,-0.159,0,0,-1,-1,-160.106275,21.996029
13,0,200,0.083,0.552,-0.465,13,0,-1,-1,-160.107201,21.994854
14,0,200,1.4,0.523,0.615,106,1,114,7,-160.10856,21.994304
15,0,200,-0.73,0.405,-0.391,117,0,-1,-1,-160.11001,21.993922
16,0,200,-0.41,0.45,-0.616,96,0,-1,-1,-160.110811,21.992481
17,0,200,-0.093,0.502,-0.634,40,0,-1,-1,-160.11094,21.990843
18,0,200,-1.154,0.424,-0.882,40,0,-1,-1,-160.110964,21.98933
19,0,200,0.964,0.607,-0.781,28,1,115,7,-160.110067,21.988068
20,0,200,0.921,0.575,-0.313,27,1,116,7,-160.110763,21.986536
21,0,200,-0.247,0.473,-0.2,32,0,-1,-1,-160.112192,21.985404
22,0,200,-1.073,0.429,-0.49,23,0,-1,-1,-160.113381,21.984058
23,0,200,-0.134,0.524,-0.903,24,0,-1,-1,-160.113486,21.98239
24,0,200,-0.59,0.477,-0.739,37,0,-1,-1,-160.113677,21.980671
25,0,200,-0.082,0.537,-0.739,28,0,-1,-1,-160.113554,21.979092
26,0,200,-0.218,0.512,-0.579,18,0,-1,-1,-160.113751,21.977583
27,0,200,-0.609,0.489,-0.782,19,0,-1,-1,-160.11394,21.976253
28,0,200,0.46,0.569,-0.558,25,0,-1,-1,-160.113917,21.97491
29,0,200,-0.366,0.49,-0.292,6,0,-1,-1,-160.114686,21.973707
30,0,200,0.326,0.528,-0.298,25,0,-1,-1,-160.115376,21.972688
31,0,200,-0.786,0.441,-0.492,29,0,-1,-1,-160.116663,21.971421
32,0,200,0.159,0.528,-0.498,18,0,-1,-1,-160.117415,21.969793
33,0,200,-0.837,0.467,-0.547,12,0,-1,-1,-160.118221,21.968585
34,0,200,-0.495,0.506,-0.627,13,0,-1,-1,-160.118534,21.967626
35,0,200,-0.621,0.506,-0.504,6,0,-1,-1,-160.119025,21.966266
36,0,200,-0.911,0.479,-0.636,6,0,-1,-1,-160.119414,21.964955
37,0,200,-0.952,0.505,-0.779,0,0,-1,-1,-160.119532,21.963457
38,0,200,0.278,0.531,-0.72,78,0,-1,-1,-160.119737,21.961772
39,0,200,0.556,0.533,-0.45,50,0,-1,-1,-160.120521,21.960145
40,0,200,0.691,0.519,-0.209,83,1,117,8,-160.121706,21.958752
41,0,200,-0.742,0.451,-0.427,51,0,-1,-1,-160.12293,21.957529
42,0,200,-0.014,0.544,-0.544,20,0,-1,-1,-160.123585,21.956087
43,0,200,0.95,0.531,-0.135,85,1,118,8,-160.124696,21.954801
44,0,200,0.221,0.507,0.003,53,0,-1,-1,-160.12622,21.953763
45,0,200,-0.692,0.462,-0.259,13,0,-1,-1,-160.127744,21.952785
46,0,200,-0.086,0.515,-0.259,13,0,-1,-1,-160.129103,21.951498
47,0,200,-0.319,0.516,-0.139,0,0,-1,-1,-160.130569,21.950347
48,0,200,0.227,0.511,-0.015,30,0,-1,-1,-160.132066,21.949354
49,0,200,0.188,0.485,-0.044,76,0,-1,-1,-160.133682,21.948401
50,0,200,0.807,0.509,0.046,152,1,119,8,-160.135272,21.947415
51,0,200,1.236,0.527,0.125,244,1,120,8,-160.136885,21.946655
52,0,200,0.502,0.481,0.041,229,0,-1,-1,-160.138476,21.946148
53,0,200,0.842,0.502,0.105,205,1,121,8,-160.139799,21.945538
54,0,200,0.619,0.479,0.035,252,1,122,8,-160.141525,21.944822
55,0,200,1.135,0.517,0.104,230,1,123,8,-160.143215,21.943954
56,0,200,0.937,0.499,0.097,207,1,124,8,-160.144942,21.943208
57,0,200,1.16,0.514,0.239,228,1,125,8,-160.14667,21.942504
58,0,200,0.89,0.494,0.02,253,1,126,8,-160.148295,21.941986
59,0,200,0.86,0.489,0.228,220,1,127,8,-160.150027,21.941361
60,0,200,1.024,0.515,0.191,229,1,128,8,-160.1518,21.940684
61,0,200,0.1,0.458,0.129,170,0,-1,-1,-160.153556,21.940311
62,0,200,1.296,0.553,0.28,190,1,129,8,-160.154686,21.939737
63,0,200,1.825,0.543,0.5,257,1,130,8,-160.156508,21.939582
64,0,200,0.947,0.513,0.5,107,1,131,8,-160.158444,21.939569
65,0,200,0.618,0.481,0.224,97,1,132,8,-160.160336,21.939301
66,0,200,-0.472,0.436,-0.111,48,0,-1,-1,-160.162067,21.938579
67,0,200,-1.226,0.418,-0.541,16,0,-1,-1,-160.163245,21.937302
68,0,200,-0.832,0.493,-0.938,14,0,-1,-1,-160.163251,21.935686
69,0,200,0.984,0.594,-0.514,24,1,133,8,-160.163224,21.934019
70,0,200,0.322,0.51,-0.203,40,0,-1,-1,-160.164375,21.932828
71,0,200,0.237,0.51,-0.259,28,0,-1,-1,-160.165294,21.931978
72,0,200,0.826,0.53,0.018,42,1,134,9,-160.166488,21.931032
73,0,200,0.625,0.507,0.032,65,1,135,9,-160.167981,21.930318
74,0,200,0.248,0.528,0.059,11,0,-1,-1,-160.169437,21.929538
75,0,200,-0.122,0.491,0.25,4,0,-1,-1,-160.170948,21.929006
76,0,200,0.512,0.522,0.251,24,0,-1,-1,-160.172114,21.928547
77,0,200,-0.026,0.49,0.125,26,0,-1,-1,-160.173426,21.928237
78,0,200,0.512,0.535,0.264,19,0,-1,-1,-160.175106,21.927635
79,0,200,-0.216,0.46,0.206,31,0,-1,-1,-160.176865,21.927478
80,0,200,-0.046,0.487,0.188,23,0,-1,-1,-160.178488,21.926902
81,0,200,0.559,0.527,0.033,42,1,136,9,-160.179845,21.926313
82,0,200,0.876,0.509,0.261,76,1,137,9,-160.18126,21.92596
83,0,200,1.287,0.536,0.49,71,1,138,9,-160.182957,21.925651
84,0,200,0.404,0.478,0.354,80,0,-1,-1,-160.184819,21.925759
85,0,200,-0.42,0.409,0.165,89,0,-1,-1,-160.186526,21.925316
86,0,200,-1.518,0.381,-0.715,102,0,-1,-1,-160.187247,21.924495
87,0,200,0.174,0.559,-0.739,13,0,-1,-1,-160.187046,21.922802
88,0,200,0.373,0.531,-0.201,12,0,-1,-1,-160.187954,21.921323
89,0,200,-0.533,0.448,-0.351,29,0,-1,-1,-160.189284,21.920159
90,0,200,0.687,0.547,-0.347,41,1,139,9,-160.190131,21.918938
91,0,200,0.456,0.525,-0.052,35,0,-1,-1,-160.191286,21.917889
92,0,200,0.529,0.526,0.051,26,0,-1,-1,-160.19233,21.91712
93,0,200,0.366,0.517,0.179,18,0,-1,-1,-160.193042,21.916777
94,0,200,-0.21,0.478,0.273,14,0,-1,-1,-160.194511,21.916342
95,0,200,-1.393,0.409,-0.15,8,0,-1,-1,-160.196169,21.915621
96,0,200,-0.304,0.495,-0.567,23,0,-1,-1,-160.197194,21.914148
97,0,200,-0.416,0.476,-0.531,26,0,-1,-1,-160.198123,21.912656
98,0,200,0.514,0.537,-0.219,32,0,-1,-1,-160.198907,21.911168
99,0,200,0.169,0.506,-0.317,71,0,-1,-1,-160.199882,21.910144
100,0,200,-0.906,0.459,-0.301,8,0,-1,-1,-160.200929,21.909117
101,0,200,0.112,0.525,-0.416,31,0,-1,-1,-160.2018,21.90782
102,0,200,-0.543,0.484,-0.207,11,0,-1,-1,-160.202824,21.906723
103,0,200,0.289,0.529,-0.522,40,0,-1,-1,-160.20384,21.905318
104,0,200,0.35,0.521,0.092,19,0,-1,-1,-160.204944,21.904282
105,0,200,0.551,0.562,-0.212,15,0,-1,-1,-160.206197,21.903262
106,0,200,-1.18,0.416,-0.103,3,0,-1,-1,-160.207678,21.902606
107,0,200,-0.341,0.534,-0.404,2,0,-1,-1,-160.208621,21.901378
108,0,200,-0.836,0.457,-0.013,1,0,-1,-1,-160.209888,21.900298
109,0,200,-0.092,0.549,-0.573,13,0,-1,-1,-160.210757,21.898953
110,0,200,0.286,0.489,-0.092,45,0,-1,-1,-160.212031,21.897791
111,0,200,0.192,0.491,-0.173,49,0,-1,-1,-160.213532,21.896654
112,0,200,-0.016,0.499,-0.12,33,0,-1,-1,-160.215024,21.89552
113,0,200,-0.367,0.52,-0.119,0,0,-1,-1,-160.216433,21.89444
114,0,200,-0.219,0.516,0.092,0,0,-1,-1,-160.217947,21.893559
115,0,200,-0.516,0.452,-0.091,17,0,-1,-1,-160.219522,21.892893
116,0,200,0.284,0.487,-0.067,90,0,-1,-1,-160.220426,21.892212
117,0,200,0.504,0.501,0.049,81,0,-1,-1,-160.221576,21.891372
118,0,200,1.045,0.553,0.006,65,1,140,10,-160.222988,21.89037
119,0,200,0.465,0.498,0.244,43,0,-1,-1,-160.224177,21.890042
120,0,200,-2.188,0.332,-0.147,13,0,-1,-1,-160.225447,21.889886
121,0,200,-0.887,0.466,-0.543,19,0,-1,-1,-160.226102,21.888744
122,0,200,-0.347,0.535,-0.474,2,0,-1,-1,-160.226785,21.887239
123,0,200,-0.703,0.471,-0.278,10,0,-1,-1,-160.22801,21.885909
124,0,200,-1.722,0.416,-0.647,7,0,-1,-1,-160.22898,21.884552
125,0,200,-0.918,0.503,-0.744,3,0,-1,-1,-160.228924,21.882876
126,0,200,-0.778,0.525,-0.764,0,0,-1,-1,-160.228917,21.88139
127,0,200,-0.867,0.506,-0.595,0,0,-1,-1,-160.229328,21.879757
128,0,200,-0.306,0.539,-0.563,3,0,-1,-1,-160.229849,21.878264
129,0,200,0.222,0.548,-0.241,9,0,-1,-1,-160.230901,21.876869
130,0,200,-1.56,0.384,-0.291,12,0,-1,-1,-160.232244,21.875886
131,0,200,-1.247,0.491,-0.853,0,0,-1,-1,-160.232415,21.874364
132,0,200,-0.627,0.514,-0.471,0,0,-1,-1,-160.232561,21.872921
133,0,200,-0.912,0.512,-0.663,0,0,-1,-1,-160.232907,21.871463
134,0,200,-0.904,0.511,-0.747,0,0,-1,-1,-160.233147,21.869964
135,0,200,-2.09,0.409,-0.804,1,0,-1,-1,-160.23345,21.868378
136,0,200,0.084,0.561,-0.782,10,0,-1,-1,-160.232567,21.867146
137,0,200,-0.624,0.49,-0.808,22,0,-1,-1,-160.232408,21.865558
138,0,200,0.141,0.539,-0.77,27,0,-1,-1,-160.232367,21.863991
139,0,200,0.298,0.524,-0.632,47,0,-1,-1,-160.232889,21.862273
140,0,200,0.263,0.513,-0.548,53,0,-1,-1,-160.233633,21.860609
141,0,200,0.066,0.503,-0.525,46,0,-1,-1,-160.234532,21.859009
142,0,200,-0.013,0.511,-0.311,22,0,-1,-1,-160.235534,21.857487
143,0,200,-0.472,0.497,-0.493,21,0,-1,-1,-160.23658,21.856188
144,0,200,-0.35,0.484,-0.435,25,0,-1,-1,-160.237633,21.854792
145,0,200,0.158,0.499,-0.264,44,0,-1,-1,-160.23864,21.853393
146,0,200,-0.156,0.489,-0.55,43,0,-1,-1,-160.239577,21.852049
147,0,200,1.05,0.566,-0.154,41,1,141,10,-160.240397,21.850668
148,0,200,0.387,0.509,-0.247,51,0,-1,-1,-160.241432,21.84981
149,0,200,-0.101,0.513,-0.098,10,0,-1,-1,-160.242652,21.848853
150,0,200,-0.756,0.469,-0.177,4,0,-1,-1,-160.243959,21.847995
151,0,200,-1.387,0.429,-0.309,2,0,-1,-1,-160.244992,21.846989
152,0,200,-0.492,0.544,-0.81,3,0,-1,-1,-160.245237,21.845463
153,0,200,-1.383,0.445,-0.553,2,0,-1,-1,-160.245803,21.843969
154,0,200,-0.412,0.56,-0.742,0,0,-1,-1,-160.245713,21.842376
155,0,200,-2.902,0.284,-0.447,13,0,-1,-1,-160.246462,21.84104
156,0,200,-1.367,0.439,-0.516,10,0,-1,-1,-160.245441,21.840468
157,0,200,0.956,0.624,-0.952,17,1,142,10,-160.243988,21.839726
158,0,200,-0.579,0.511,-0.658,5,0,-1,-1,-160.243874,21.838115
159,0,200,0.535,0.593,-0.383,7,0,-1,-1,-160.244091,21.83662
160,0,200,-1.555,0.409,-0.388,4,0,-1,-1,-160.245059,21.835807
161,0,200,-2.64,0.361,-0.757,1,0,-1,-1,-160.245275,21.83435
162,0,200,0.163,0.599,-0.916,5,0,-1,-1,-160.244007,21.833397
163,0,200,0.114,0.586,-0.706,5,0,-1,-1,-160.243602,21.831793
164,0,200,-0.767,0.492,-0.293,0,0,-1,-1,-160.244381,21.830371
165,0,200,-1.065,0.463,-0.511,7,0,-1,-1,-160.245031,21.82925
166,0,200,-0.65,0.517,-0.825,4,0,-1,-1,-160.245185,21.827804
167,0,200,-1.105,0.48,-0.638,1,0,-1,-1,-160.245611,21.8262
168,0,200,-0.779,0.509,-0.83,7,0,-1,-1,-160.245617,21.824609
169,0,200,-1.111,0.473,-0.751,4,0,-1,-1,-160.245804,21.822948
170,0,200,-0.544,0.54,-0.709,0,0,-1,-1,-160.245914,21.821166
171,0,200,-0.841,0.488,-0.673,6,0,-1,-1,-160.246379,21.819556
172,0,200,-1.191,0.479,-0.897,3,0,-1,-1,-160.246564,21.817853
173,0,200,-0.979,0.49,-0.8,4,0,-1,-1,-160.246527,21.816062
174,0,200,-2.017,0.407,-0.933,5,0,-1,-1,-160.246268,21.814479
175,0,200,-1.546,0.439,-0.579,2,0,-1,-1,-160.24484,21.813547
176,0,200,0.576,0.635,-0.755,1,1,143,11,-160.243174,21.813285
177,0,200,-0.857,0.512,-0.852,2,0,-1,-1,-160.242433,21.81203
178,0,200,-0.458,0.527,-0.963,9,0,-1,-1,-160.241637,21.810547
179,0,200,0.048,0.545,-0.545,6,0,-1,-1,-160.241538,21.808918
180,0,200,0.236,0.538,-0.311,12,0,-1,-1,-160.242345,21.807506
181,0,200,-2.346,0.329,-0.545,15,0,-1,-1,-160.243431,21.806426
182,0,200,-2.12,0.381,-0.794,9,0,-1,-1,-160.242696,21.805245
183,0,200,-0.474,0.504,-0.334,8,0,-1,-1,-160.241096,21.805051
184,0,200,-0.047,0.534,-0.743,16,0,-1,-1,-160.23954,21.804812
185,0,200,-0.503,0.495,-0.749,25,0,-1,-1,-160.238073,21.804047
186,0,200,-0.467,0.535,-0.753,2,0,-1,-1,-160.236654,21.803306
187,0,200,-0.113,0.568,-0.738,2,0,-1,-1,-160.235612,21.802436
188,0,200,-1.148,0.499,-0.838,0,0,-1,-1,-160.235018,21.801264
189,0,200,-1.105,0.498,-0.911,2,0,-1,-1,-160.234233,21.799899
190,0,200,-1.217,0.498,-0.982,0,0,-1,-1,-160.233388,21.798447
191,0,200,0.046,0.548,-0.919,31,0,-1,-1,-160.232581,21.79688
192,0,200,-0.18,0.515,-0.738,35,0,-1,-1,-160.232478,21.795143
193,0,200,-0.96,0.489,-0.671,3,0,-1,-1,-160.232724,21.793767
194,0,200,-2.325,0.383,-0.732,0,0,-1,-1,-160.2329,21.792184
195,0,200,-1.646,0.43,-0.611,7,0,-1,-1,-160.232,21.791338
196,0,200,-1.457,0.45,-0.701,3,0,-1,-1,-160.23076,21.790765
197,0,200,-1.715,0.383,-0.0,9,0,-1,-1,-160.229623,21.790589
198,0,200,0.109,0.54,-0.045,3,0,-1,-1,-160.22882,21.791244
199,0,200,-0.279,0.511,-0.317,18,0,-1,-1,-160.227095,21.791624
200,0,200,-0.844,0.495,-0.586,0,0,-1,-1,-160.225543,21.791603
201,0,200,0.533,0.6,-0.553,14,0,-1,-1,-160.223814,21.791459
202,0,200,1.077,0.638,-0.441,5,1,144,11,-160.222907,21.790992
203,0,200,-0.69,0.507,-0.79,10,0,-1,-1,-160.222571,21.790035
204,0,200,-0.756,0.484,-0.741,31,0,-1,-1,-160.221898,21.788992
205,0,200,-1.446,0.395,-0.716,34,0,-1,-1,-160.220973,21.787886
206,0,200,-0.305,0.523,-0.783,11,0,-1,-1,-160.21935,21.787366
207,0,200,0.559,0.606,-0.72,8,0,-1,-1,-160.217996,21.786675
208,0,200,-1.495,0.445,-0.791,3,0,-1,-1,-160.217391,21.785466
209,0,200,-0.646,0.535,-0.828,4,0,-1,-1,-160.216341,21.784437
210,0,200,-1.464,0.43,-0.858,10,0,-1,-1,-160.215509,21.783238
211,0,200,-1.266,0.433,-0.44,13,0,-1,-1,-160.214237,21.78247
212,0,200,-0.46,0.5,-0.612,20,0,-1,-1,-160.212686,21.782361
213,0,200,-0.53,0.45,-0.218,25,0,-1,-1,-160.211444,21.782199
214,0,200,0.114,0.563,-0.447,4,0,-1,-1,-160.209964,21.782585
215,0,200,-2.29,0.34,-0.232,6,0,-1,-1,-160.209065,21.782078
216,0,200,-0.67,0.439,0.217,11,0,-1,-1,-160.20805,21.782836
217,0,200,2.987,0.757,-0.053,13,1,145,11,-160.20713,21.784018
218,0,200,0.709,0.635,-0.705,0,1,146,11,-160.206331,21.783377
219,0,200,-1.012,0.487,-0.943,7,0,-1,-1,-160.205894,21.781986
220,0,200,-1.159,0.465,-0.845,9,0,-1,-1,-160.205097,21.780637
221,0,200,-1.462,0.397,-0.781,61,0,-1,-1,-160.203891,21.779456
222,0,200,-1.19,0.37,0.175,59,0,-1,-1,-160.202471,21.779566
223,0,200,0.269,0.481,0.592,35,0,-1,-1,-160.201694,21.780954
224,0,200,1.137,0.578,0.536,14,1,147,11,-160.201069,21.782551
225,0,200,0.351,0.51,0.09,26,0,-1,-1,-160.199943,21.783587
226,0,200,-0.984,0.373,0.411,26,0,-1,-1,-160.198715,21.784705
227,0,200,-1.221,0.385,0.766,2,0,-1,-1,-160.199016,21.785918
228,0,200,0.046,0.497,0.741,0,0,-1,-1,-160.200744,21.78657
229,0,200,2.061,0.634,0.858,17,1,0,0,-160.202465,21.787253
230,0,200,1.887,0.601,0.331,61,1,1,0,-160.202644,21.788713
231,0,200,-0.068,0.405,0.594,123,0,-1,-1,-160.201501,21.789858
232,0,200,1.638,0.525,0.772,161,1,2,0,-160.201372,21.791573
233,0,200,0.929,0.504,0.377,134,1,3,0,-160.200893,21.793008
234,0,200,0.9,0.488,0.727,176,1,4,0,-160.200369,21.794256
235,0,200,0.558,0.506,0.536,49,0,-1,-1,-160.1998,21.795754
236,0,200,1.006,0.521,0.437,120,1,5,0,-160.19897,21.797313
237,0,200,0.899,0.55,0.253,55,1,6,0,-160.197996,21.798574
238,0,200,0.131,0.449,0.053,180,0,-1,-1,-160.196726,21.799408
239,0,200,0.9,0.515,0.12,185,1,7,0,-160.19591,21.800359
240,0,200,0.526,0.473,0.509,161,0,-1,-1,-160.194963,21.801335
241,0,200,0.77,0.499,0.174,130,1,8,0,-160.193992,21.802594
242,0,200,0.09,0.434,0.286,102,0,-1,-1,-160.192968,21.803713
243,0,200,-0.206,0.4,0.786,89,0,-1,-1,-160.192748,21.804843
244,0,200,1.07,0.511,0.827,77,1,9,0,-160.193504,21.805855
245,0,200,2.054,0.565,0.833,143,1,10,0,-160.194147,21.807212
246,0,200,1.798,0.557,0.465,155,1,11,0,-160.193667,21.808866
247,0,200,0.509,0.493,0.151,113,0,-1,-1,-160.192484,21.810205
248,0,200,0.5,0.434,0.61,206,0,-1,-1,-160.191585,21.811359
249,0,200,0.747,0.517,0.552,63,1,12,0,-160.191261,21.812813
250,0,200,1.06,0.52,0.654,98,1,13,0,-160.190732,21.814282
251,0,200,1.0,0.512,0.522,98,1,14,0,-160.190079,21.815684
252,0,200,0.977,0.512,0.27,95,1,15,0,-160.189315,21.816943
253,0,200,0.908,0.494,0.467,106,1,16,0,-160.188297,21.818276
254,0,200,-0.111,0.425,0.374,146,0,-1,-1,-160.187377,21.819547
255,0,200,1.119,0.523,0.661,83,1,17,1,-160.18734,21.82068
256,0,200,0.518,0.507,0.493,47,0,-1,-1,-160.186834,21.822084
257,0,200,0.802,0.522,0.439,76,1,18,1,-160.186095,21.82347
258,0,200,0.876,0.517,0.335,79,1,19,1,-160.185159,21.824799
259,0,200,0.164,0.447,0.451,87,0,-1,-1,-160.183998,21.826065
260,0,200,1.003,0.514,0.336,81,1,20,1,-160.183116,21.827586
261,0,200,0.346,0.446,0.501,98,0,-1,-1,-160.182053,21.828964
262,0,200,1.675,0.553,0.669,102,1,21,1,-160.181589,21.830518
263,0,200,0.409,0.492,0.18,90,0,-1,-1,-160.180539,21.831844
264,0,200,0.599,0.503,0.549,37,1,22,1,-160.179605,21.833216
265,0,200,0.856,0.499,0.488,55,1,23,1,-160.178622,21.834724
266,0,200,0.824,0.51,0.271,106,1,24,1,-160.177609,21.836098
267,0,200,1.277,0.524,0.433,119,1,25,1,-160.176652,21.837266
268,0,200,0.623,0.516,-0.317,124,1,26,1,-160.175324,21.838251
269,0,200,-2.31,0.26,0.217,75,0,-1,-1,-160.173696,21.838578
270,0,200,1.31,0.518,0.609,145,1,27,1,-160.173999,21.839597
271,0,200,0.62,0.466,0.489,168,1,28,1,-160.17334,21.841039
272,0,200,1.18,0.52,0.754,139,1,29,1,-160.173182,21.842482
273,0,200,-0.331,0.453,0.528,16,0,-1,-1,-160.172802,21.843938
274,0,200,0.908,0.53,0.651,44,1,30,1,-160.17275,21.845038
275,0,200,1.086,0.517,0.198,161,1,32,1,-160.171989,21.846462
276,0,200,1.294,0.536,0.532,117,1,31,1,-160.170963,21.847807
277,0,200,1.215,0.544,0.053,72,1,33,1,-160.169707,21.849063
278,0,200,0.048,0.472,-0.208,65,0,-1,-1,-160.168098,21.849907
279,0,200,-1.86,0.304,0.431,72,0,-1,-1,-160.167028,21.850471
280,0,200,1.326,0.548,0.803,50,1,34,2,-160.167457,21.851525
281,0,200,0.629,0.521,0.395,21,1,35,2,-160.16736,21.852661
282,0,200,1.363,0.541,0.573,102,1,36,2,-160.166782,21.854235
283,0,200,1.122,0.516,0.455,70,1,37,2,-160.165788,21.855773
284,0,200,0.484,0.471,0.231,74,0,-1,-1,-160.164609,21.857141
285,0,200,0.889,0.492,0.561,83,1,38,2,-160.163684,21.858543
286,0,200,0.76,0.493,0.383,72,1,39,2,-160.162719,21.859989
287,0,200,1.399,0.552,0.363,70,1,40,2,-160.161848,21.861411
288,0,200,-0.185,0.453,0.304,37,0,-1,-1,-160.160508,21.862607
289,0,200,0.967,0.525,0.285,69,1,41,2,-160.159329,21.864017
290,0,200,0.637,0.488,0.209,71,1,42,2,-160.157961,21.86521
291,0,200,0.85,0.519,0.29,47,1,43,2,-160.156592,21.866443
292,0,200,-0.102,0.493,-0.089,12,0,-1,-1,-160.155171,21.867306
293,0,200,0.269,0.53,-0.201,15,0,-1,-1,-160.15381,21.868038
294,0,200,-0.605,0.488,-0.106,4,0,-1,-1,-160.15231,21.868458
295,0,200,-0.438,0.466,-0.011,14,0,-1,-1,-160.151041,21.868924
296,0,200,0.202,0.506,-0.033,16,0,-1,-1,-160.149645,21.869722
297,0,200,0.287,0.513,-0.074,24,0,-1,-1,-160.148306,21.870355
298,0,200,-0.278,0.468,-0.127,18,0,-1,-1,-160.14684,21.870877
299,0,200,-0.061,0.468,0.433,18,0,-1,-1,-160.14557,21.871784
300,0,200,0.358,0.544,-0.222,8,0,-1,-1,-160.144358,21.872802
301,0,200,-0.184,0.513,-0.304,6,0,-1,-1,-160.142541,21.87324
302,0,200,0.405,0.582,-0.66,11,0,-1,-1,-160.140704,21.8733
303,0,200,-2.137,0.314,-0.382,47,0,-1,-1,-160.139881,21.872379
304,0,200,-0.116,0.501,-0.317,18,0,-1,-1,-160.138412,21.872754
305,0,200,-0.504,0.493,-0.402,12,0,-1,-1,-160.136747,21.872861
306,0,200,-0.445,0.463,-0.234,21,0,-1,-1,-160.135308,21.873024
307,0,200,-0.179,0.5,0.016,5,0,-1,-1,-160.133795,21.8737
308,0,200,-0.202,0.532,-0.563,5,0,-1,-1,-160.132267,21.874085
309,0,200,-0.635,0.473,-0.211,10,0,-1,-1,-160.130646,21.874013
310,0,200,-1.183,0.439,-0.195,3,0,-1,-1,-160.129048,21.874402
311,0,200,-0.589,0.421,0.67,7,0,-1,-1,-160.127912,21.875505
312,0,200,1.552,0.609,0.538,7,1,44,2,-160.12756,21.877115
313,0,200,1.453,0.606,-0.523,83,1,45,2,-160.126227,21.87782
314,0,200,-0.972,0.481,-0.861,5,0,-1,-1,-160.124851,21.876976
315,0,200,-1.953,0.367,-0.528,14,0,-1,-1,-160.123889,21.876296
316,0,200,-0.267,0.471,0.183,17,0,-1,-1,-160.122715,21.876682
317,0,200,0.649,0.587,-0.514,10,1,46,3,-160.121534,21.877238
318,0,200,-1.393,0.441,-0.599,3,0,-1,-1,-160.120157,21.876735
319,0,200,-0.577,0.472,-0.016,5,0,-1,-1,-160.118625,21.877012
320,0,200,-0.307,0.511,-0.267,4,0,-1,-1,-160.117057,21.877747
321,0,200,-0.415,0.462,0.36,5,0,-1,-1,-160.115536,21.878465
322,0,200,0.86,0.614,-0.421,6,1,47,3,-160.114443,21.879348
323,0,200,-2.397,0.318,-0.176,8,0,-1,-1,-160.113349,21.878905
324,0,200,-0.059,0.478,0.365,11,0,-1,-1,-160.112362,21.879936
325,0,200,1.282,0.635,-0.23,8,1,48,3,-160.111081,21.881074
326,0,200,-0.686,0.516,-0.939,4,0,-1,-1,-160.109768,21.880348
327,0,200,-1.786,0.407,-0.565,6,0,-1,-1,-160.108948,21.879352
328,0,200,-1.624,0.379,-0.368,17,0,-1,-1,-160.107396,21.878764
329,0,200,-0.017,0.516,0.084,4,0,-1,-1,-160.106203,21.879597
330,0,200,-0.739,0.43,0.297,6,0,-1,-1,-160.104973,21.880467
331,0,200,1.174,0.582,0.441,9,1,49,3,-160.104037,21.881811
332,0,200,-0.405,0.467,-0.198,11,0,-1,-1,-160.102723,21.88252
333,0,200,-0.109,0.518,0.255,1,0,-1,-1,-160.10148,21.883475
334,0,200,-0.547,0.438,0.127,11,0,-1,-1,-160.100224,21.884337
335,0,200,1.571,0.641,-0.016,10,1,50,3,-160.099222,21.885495
336,0,200,0.523,0.597,-0.655,6,0,-1,-1,-160.097955,21.885254
337,0,200,-1.984,0.403,-0.855,4,0,-1,-1,-160.09707,21.88414
338,0,200,-1.756,0.366,0.038,11,0,-1,-1,-160.095983,21.883763
339,0,200,0.089,0.497,0.114,18,0,-1,-1,-160.094737,21.884716
340,0,200,-0.056,0.488,0.226,9,0,-1,-1,-160.093491,21.885674
341,0,200,-0.381,0.496,0.029,1,0,-1,-1,-160.092162,21.88673
342,0,200,-0.28,0.472,0.152,9,0,-1,-1,-160.09087,21.88777
343,0,200,0.479,0.515,0.671,6,0,-1,-1,-160.089906,21.889072
344,0,200,1.911,0.668,-0.323,18,1,51,3,-160.08883,21.890273
345,0,200,-1.448,0.39,-0.491,14,0,-1,-1,-160.087523,21.889524
346,0,200,-0.333,0.494,-0.436,20,0,-1,-1,-160.086138,21.88971
347,0,200,-1.019,0.393,-0.156,49,0,-1,-1,-160.084869,21.889822
348,0,200,-1.192,0.387,0.46,12,0,-1,-1,-160.083986,21.890476
349,0,200,0.552,0.552,0.267,7,0,-1,-1,-160.083322,21.891835
350,0,200,0.193,0.49,0.199,20,0,-1,-1,-160.082206,21.892792
351,0,200,0.329,0.537,0.225,6,0,-1,-1,-160.080927,21.893879
352,0,200,-0.753,0.476,-0.446,7,0,-1,-1,-160.079504,21.894382
353,0,200,0.642,0.554,0.218,11,1,52,3,-160.078251,21.895045
354,0,200,-0.518,0.49,-0.621,9,0,-1,-1,-160.076794,21.895194
355,0,200,-0.582,0.48,-0.135,7,0,-1,-1,-160.075169,21.895483
356,0,200,-1.249,0.357,0.447,21,0,-1,-1,-160.073717,21.896226
357,0,200,0.669,0.483,0.869,36,1,53,3,-160.07368,21.897921
358,0,200,0.529,0.472,0.953,26,0,-1,-1,-160.073884,21.899703
359,0,200,1.311,0.563,0.721,18,1,54,3,-160.074347,21.901099
360,0,200,-0.195,0.431,0.51,32,0,-1,-1,-160.073903,21.902321
361,0,200,0.484,0.499,0.756,36,0,-1,-1,-160.074164,21.903395
362,0,200,-0.438,0.43,0.829,6,0,-1,-1,-160.074733,21.90479
363,0,200,1.52,0.608,0.718,20,1,55,4,-160.0758,21.905651
364,0,200,0.027,0.447,0.82,29,0,-1,-1,-160.076042,21.907031
365,0,200,1.029,0.511,0.892,44,1,56,4,-160.076774,21.908397
366,0,200,0.935,0.509,0.927,24,1,57,4,-160.077354,21.909941
367,0,200,0.351,0.476,0.845,20,0,-1,-1,-160.077845,21.911398
368,0,200,0.405,0.501,0.861,6,0,-1,-1,-160.078527,21.912748
369,0,200,0.59,0.5,0.894,13,1,58,4,-160.079196,21.914186
370,0,200,0.678,0.501,0.818,12,1,59,4,-160.079832,21.915448
371,0,200,1.035,0.494,0.926,52,1,60,4,-160.080395,21.916953
372,0,200,1.193,0.519,0.951,30,1,61,4,-160.080928,21.918649
373,0,200,0.342,0.457,0.887,13,0,-1,-1,-160.081168,21.920386
374,0,200,0.946,0.522,0.949,12,1,62,4,-160.081816,21.921931
375,0,200,0.616,0.483,0.964,12,1,63,4,-160.082273,21.923651
376,0,200,0.676,0.52,0.894,6,1,64,4,-160.082776,21.925358
377,0,200,0.186,0.471,0.721,16,0,-1,-1,-160.082742,21.926962
378,0,200,0.476,0.524,0.599,4,0,-1,-1,-160.082921,21.928319
379,0,200,0.164,0.494,0.805,1,0,-1,-1,-160.082579,21.929853
380,0,200,0.296,0.5,0.618,7,0,-1,-1,-160.082128,21.931586
381,0,200,0.315,0.483,0.782,11,0,-1,-1,-160.081614,21.933302
382,0,200,0.112,0.504,0.558,1,0,-1,-1,-160.081238,21.934919
383,0,200,0.351,0.494,0.725,6,0,-1,-1,-160.080772,21.936549
384,0,200,0.354,0.487,0.72,13,0,-1,-1,-160.080327,21.938242
385,0,200,0.311,0.507,0.715,2,0,-1,-1,-160.079988,21.939974
386,0,200,0.406,0.513,0.685,5,0,-1,-1,-160.079595,21.941642
387,0,200,0.452,0.502,0.594,9,0,-1,-1,-160.078963,21.943286
388,0,200,0.521,0.496,0.504,21,0,-1,-1,-160.078221,21.944848
389,0,200,0.207,0.463,0.708,21,0,-1,-1,-160.077585,21.94633
390,0,200,0.297,0.504,0.695,3,0,-1,-1,-160.077373,21.948
391,0,200,-0.045,0.477,0.744,2,0,-1,-1,-160.076881,21.949745
392,0,200,0.158,0.498,0.785,0,0,-1,-1,-160.07659,21.951529
393,0,200,0.75,0.536,0.738,4,1,65,4,-160.076316,21.953316
394,0,200,1.377,0.538,0.361,87,1,66,4,-160.075523,21.954911
395,0,200,1.03,0.51,0.301,111,1,67,4,-160.074301,21.956268
396,0,200,0.945,0.509,0.306,92,1,68,5,-160.073012,21.957574
397,0,200,0.563,0.495,0.055,52,1,69,5,-160.071694,21.958671
398,0,200,-0.219,0.418,0.583,77,0,-1,-1,-160.070453,21.959787
399,0,200,-0.477,0.407,0.318,80,0,-1,-1,-160.069931,21.96113
400,0,200,1.259,0.536,0.716,93,1,70,5,-160.07018,21.9622
401,0,200,1.035,0.48,0.621,160,1,71,5,-160.069902,21.963543
402,0,200,1.423,0.505,0.73,230,1,72,5,-160.069715,21.965068
403,0,200,1.714,0.535,0.574,219,1,73,5,-160.069192,21.966758
404,0,200,1.021,0.499,0.47,111,1,74,5,-160.068207,21.968269
405,0,200,1.189,0.557,0.236,41,1,75,5,-160.067304,21.969582
406,0,200,0.001,0.486,0.143,18,0,-1,-1,-160.06608,21.970498
407,0,200,-0.02,0.439,0.397,52,0,-1,-1,-160.0648,21.971711
408,0,200,0.476,0.493,0.585,71,0,-1,-1,-160.064311,21.973185
409,0,200,1.004,0.528,0.554,84,1,76,5,-160.063838,21.97471
410,0,200,1.482,0.554,0.343,83,1,77,5,-160.062827,21.976159
411,0,200,1.061,0.542,-0.113,90,1,78,5,-160.061279,21.977179
412,0,200,0.62,0.56,-0.652,35,1,79,5,-160.059437,21.977397
413,0,200,-0.834,0.436,-0.776,50,0,-1,-1,-160.058007,21.976574
414,0,200,-0.204,0.484,-0.329,62,0,-1,-1,-160.056406,21.97645
415,0,200,-0.723,0.459,-0.383,45,0,-1,-1,-160.054825,21.976603
416,0,200,-0.891,0.389,0.34,76,0,-1,-1,-160.053421,21.977099
417,0,200,1.401,0.577,0.034,55,1,80,5,-160.052539,21.978399
418,0,200,-1.03,0.387,0.153,89,0,-1,-1,-160.050946,21.979139
419,0,200,1.065,0.51,0.703,106,1,81,5,-160.05035,21.980541
420,0,200,0.41,0.444,0.687,104,0,-1,-1,-160.049738,21.982118
421,0,200,0.855,0.481,0.947,86,1,82,5,-160.050129,21.983739
422,0,200,1.492,0.509,0.968,138,1,83,5,-160.050845,21.985312
423,0,200,0.923,0.482,0.856,73,1,84,5,-160.051384,21.986859
424,0,200,1.019,0.51,0.971,51,1,85,5,-160.052157,21.98839
425,0,200,0.667,0.468,0.949,47,1,86,5,-160.052991,21.989914
426,0,200,1.712,0.565,0.768,67,1,87,5,-160.054047,21.991152
427,0,200,0.202,0.455,0.576,37,0,-1,-1,-160.054176,21.992153
428,0,200,0.351,0.449,0.899,53,0,-1,-1,-160.054881,21.99351
429,0,200,0.381,0.463,0.84,27,0,-1,-1,-160.056005,21.994678
430,0,200,1.436,0.539,0.875,45,1,88,6,-160.057418,21.995574
431,0,200,-0.504,0.398,0.519,36,0,-1,-1,-160.058626,21.996487
432,0,200,0.318,0.508,0.203,27,0,-1,-1,-160.059808,21.996382
433,0,200,2.253,0.622,0.666,69,1,89,6,-160.061057,21.996407
434,0,200,1.284,0.505,0.881,52,1,90,6,-160.06187,21.997699
435,0,200,-1.229,0.351,0.633,33,0,-1,-1,-160.062396,21.998971
436,0,200,-0.151,0.445,0.275,36,0,-1,-1,-160.06326,21.999177
437,0,200,1.647,0.54,0.782,68,1,91,6,-160.064867,21.999386
438,0,200,1.867,0.574,0.755,54,1,92,6,-160.066372,22.00013
439,0,200,-0.535,0.405,0.622,21,0,-1,-1,-160.067053,22.00107
440,0,200,0.682,0.494,0.785,22,1,93,6,-160.068342,22.001706
441,0,200,-0.457,0.42,0.331,31,0,-1,-1,-160.069846,22.002139
442,0,200,-1.52,0.389,-0.45,24,0,-1,-1,-160.071031,22.001553
443,0,200,0.519,0.583,-0.552,18,0,-1,-1,-160.071424,22.000358
444,0,200,1.167,0.548,0.426,34,1,94,6,-160.072713,21.999588
445,0,200,0.659,0.517,0.082,57,1,95,6,-160.074481,21.999077
446,0,200,1.198,0.505,0.561,93,1,96,6,-160.076171,21.998966
447,0,200,0.353,0.472,0.522,54,0,-1,-1,-160.077975,21.999084
448,0,200,0.905,0.526,0.185,72,1,97,6,-160.079707,21.998681
449,0,200,1.135,0.503,0.489,110,1,98,6,-160.081475,21.998537
450,0,200,1.443,0.503,0.742,181,1,99,6,-160.083261,21.998765
451,0,200,1.551,0.526,0.666,199,1,100,6,-160.084977,21.999172
452,0,200,2.367,0.577,0.947,208,1,101,6,-160.086532,22.000114
453,0,200,1.345,0.482,0.885,216,1,102,6,-160.087129,22.001689
454,0,200,0.563,0.476,0.757,139,1,103,6,-160.087729,22.003105
455,0,200,-0.93,0.344,0.673,150,0,-1,-1,-160.088258,22.004328
456,0,200,0.21,0.448,0.569,192,0,-1,-1,-160.089479,22.004687
457,0,230,0.387,0.462,0.496,145,0,-1,-1,-160.091112,22.004754
458,1,200,-4.078,0.178,-0.286,28,0,-1,-1,-160.100572,22.028377
459,1,200,-3.12,0.307,-0.461,9,0,-1,-1,-160.101391,22.027018
460,1,200,-2.673,0.334,-0.586,19,0,-1,-1,-160.10164,22.025859
461,1,200,-2.367,0.366,-0.781,15,0,-1,-1,-160.101646,22.02449
462,1,200,-1.247,0.454,-0.886,29,0,-1,-1,-160.101299,22.023272
463,1,200,-0.294,0.52,-0.85,45,0,-1,-1,-160.101097,22.021574
464,1,200,-0.273,0.519,-0.693,28,0,-1,-1,-160.101321,22.019849
465,1,200,-0.533,0.516,-0.65,12,0,-1,-1,-160.101681,22.01831
466,1,200,-1.82,0.399,-0.517,4,0,-1,-1,-160.10231,22.016911
467,1,200,-1.844,0.393,-0.692,16,0,-1,-1,-160.101629,22.015819
468,1,200,-1.107,0.471,-0.709,5,0,-1,-1,-160.099951,22.015241
469,1,200,-0.996,0.464,-0.549,9,0,-1,-1,-160.098208,22.014976
470,1,200,-1.123,0.454,-0.343,1,0,-1,-1,-160.096451,22.015008
471,1,200,-0.603,0.484,-0.05,4,0,-1,-1,-160.095167,22.01537
472,1,200,-0.317,0.482,-0.076,8,0,-1,-1,-160.093578,22.01608
473,1,200,0.225,0.504,0.149,19,0,-1,-1,-160.0921,22.017088
474,1,200,0.211,0.472,0.286,28,0,-1,-1,-160.090765,22.018147
475,1,200,0.293,0.482,0.265,38,0,-1,-1,-160.089502,22.019501
476,1,200,0.507,0.484,0.515,45,0,-1,-1,-160.088512,22.020861
477,1,200,0.585,0.46,0.783,73,1,104,6,-160.087903,22.022455
478,1,200,0.226,0.435,0.911,57,0,-1,-1,-160.088058,22.024202
479,1,200,-0.245,0.428,0.875,19,0,-1,-1,-160.089076,22.025503
480,1,200,-1.842,0.298,0.7,22,0,-1,-1,-160.090615,22.026289
481,1,200,-3.264,0.316,-0.79,0,0,-1,-1,-160.091202,22.025854
482,1,200,-0.776,0.504,-0.585,3,0,-1,-1,-160.091039,22.024794
483,1,200,0.261,0.566,-0.518,15,0,-1,-1,-160.091417,22.023432
484,1,200,-0.123,0.516,-0.105,7,0,-1,-1,-160.092189,22.022606
485,1,200,0.435,0.556,-0.227,8,0,-1,-1,-160.093149,22.021738
486,1,200,0.691,0.568,0.383,2,1,105,7,-160.094389,22.02118
487,1,200,0.318,0.524,0.627,0,0,-1,-1,-160.096208,22.021269
488,1,200,0.787,0.555,0.835,0,1,106,7,-160.097929,22.021834
489,1,200,0.481,0.51,0.831,4,0,-1,-1,-160.09918,22.022904
490,1,200,0.094,0.478,0.776,18,0,-1,-1,-160.100135,22.023843
491,1,200,-1.271,0.358,0.833,12,0,-1,-1,-160.100632,22.025203
492,1,200,-1.748,0.312,0.69,34,0,-1,-1,-160.100483,22.026852
493,1,200,-3.468,0.192,0.554,13,0,-1,-1,-160.099959,22.028253
