latitude,longitude,altitude(m),heading(deg),curvesize(m),rotationdir,gimbalmode,gimbalpitchangle,actiontype1,actionparam1,altitudemode,speed(m/s),poi_latitude,poi_longitude,poi_altitude(m),poi_altitudemode,photo_timeinterval,photo_distinterval
21.7864219,-160.2018578,60.0,0,0,0,2,-90.0,-1,0,0,5.0,0,0,0,0,-1,20
21.7866305,-160.2017879,60.0,0,0,0,2,-90.0,-1,0,0,5.0,0,0,0,0,-1,20
21.7868349,-160.2024744,60.0,0,0,0,2,-90.0,-1,0,0,5.0,0,0,0,0,-1,20
21.7872287,-160.2030094,60.0,0,0,0,2,-90.0,-1,0,0,5.0,0,0,0,0,-1,20
21.7873910,-160.2030954,60.0,0,0,0,2,-90.0,-1,0,0,5.0,0,0,0,0,-1,20
21.7878796,-160.2031467,60.0,0,0,0,2,-90.0,-1,0,0,5.0,0,0,0,0,-1,20
21.7879696,-160.2031555,60.0,0,0,0,2,-90.0,-1,0,0,5.0,0,0,0,0,-1,20
21.7884607,-160.2031995,60.0,0,0,0,2,-90.0,-1,0,0,5.0,0,0,0,0,-1,20
21.7886234,-160.2031510,60.0,0,0,0,2,-90.0,-1,0,0,5.0,0,0,0,0,-1,20
21.7891735,-160.2027412,60.0,0,0,0,2,-90.0,-1,0,0,5.0,0,0,0,0,-1,20
21.7893151,-160.2026066,60.0,0,0,0,2,-90.0,-1,0,0,5.0,0,0,0,0,-1,20
21.7893438,-160.2020810,60.0,0,0,0,2,-90.0,-1,0,0,5.0,0,0,0,0,-1,20
21.7907717,-160.2016126,60.0,0,0,0,2,-90.0,-1,0,0,5.0,0,0,0,0,-1,20
21.7913563,-160.2015840,60.0,0,0,0,2,-90.0,-1,0,0,5.0,0,0,0,0,-1,20
21.7919385,-160.2017725,60.0,0,0,0,2,-90.0,-1,0,0,5.0,0,0,0,0,-1,20
21.7921399,-160.2016375,60.0,0,0,0,2,-90.0,-1,0,0,5.0,0,0,0,0,-1,20
21.7922495,-160.2014669,60.0,0,0,0,2,-90.0,-1,0,0,5.0,0,0,0,0,-1,20
21.7921926,-160.2014851,60.0,0,0,0,2,-90.0,-1,0,0,5.0,0,0,0,0,-1,20
21.7922609,-160.2015260,60.0,0,0,0,2,-90.0,-1,0,0,5.0,0,0,0,0,-1,20
21.7923499,-160.2015426,60.0,0,0,0,2,-90.0,-1,0,0,5.0,0,0,0,0,-1,20
21.7927771,-160.2015507,60.0,0,0,0,2,-90.0,-1,0,0,5.0,0,0,0,0,-1,20
21.7930075,-160.2010459,60.0,0,0,0,2,-90.0,-1,0,0,5.0,0,0,0,0,-1,20
21.7937409,-160.2007288,60.0,0,0,0,2,-90.0,-1,0,0,5.0,0,0,0,0,-1,20
21.7938428,-160.2004642,60.0,0,0,0,2,-90.0,-1,0,0,5.0,0,0,0,0,-1,20
21.7936785,-160.2005398,60.0,0,0,0,2,-90.0,-1,0,0,5.0,0,0,0,0,-1,20
21.7934826,-160.2004865,60.0,0,0,0,2,-90.0,-1,0,0,5.0,0,0,0,0,-1,20
21.7936165,-160.2006792,60.0,0,0,0,2,-90.0,-1,0,0,5.0,0,0,0,0,-1,20
21.7939263,-160.2006353,60.0,0,0,0,2,-90.0,-1,0,0,5.0,0,0,0,0,-1,20
21.7940127,-160.2005259,60.0,0,0,0,2,-90.0,-1,0,0,5.0,0,0,0,0,-1,20
21.7941845,-160.2005439,60.0,0,0,0,2,-90.0,-1,0,0,5.0,0,0,0,0,-1,20
21.7940509,-160.2003929,60.0,0,0,0,2,-90.0,-1,0,0,5.0,0,0,0,0,-1,20
21.7941190,-160.2006575,60.0,0,0,0,2,-90.0,-1,0,0,5.0,0,0,0,0,-1,20
21.7944079,-160.2007128,60.0,0,0,0,2,-90.0,-1,0,0,5.0,0,0,0,0,-1,20
21.7950851,-160.2005304,60.0,0,0,0,2,-90.0,-1,0,0,5.0,0,0,0,0,-1,20
21.7967133,-160.1996597,60.0,0,0,0,2,-90.0,-1,0,0,5.0,0,0,0,0,-1,20
21.7969228,-160.1995694,60.0,0,0,0,2,-90.0,-1,0,0,5.0,0,0,0,0,-1,20
21.7972992,-160.1990979,60.0,0,0,0,2,-90.0,-1,0,0,5.0,0,0,0,0,-1,20
21.7979032,-160.1990273,60.0,0,0,0,2,-90.0,-1,0,0,5.0,0,0,0,0,-1,20
21.7980930,-160.1989155,60.0,0,0,0,2,-90.0,-1,0,0,5.0,0,0,0,0,-1,20
21.7981922,-160.1986606,60.0,0,0,0,2,-90.0,-1,0,0,5.0,0,0,0,0,-1,20
21.7991053,-160.1977111,60.0,0,0,0,2,-90.0,-1,0,0,5.0,0,0,0,0,-1,20
21.7989772,-160.1977383,60.0,0,0,0,2,-90.0,-1,0,0,5.0,0,0,0,0,-1,20
21.7990533,-160.1976640,60.0,0,0,0,2,-90.0,-1,0,0,5.0,0,0,0,0,-1,20
21.7990460,-160.1979111,60.0,0,0,0,2,-90.0,-1,0,0,5.0,0,0,0,0,-1,20
21.7989172,-160.1981287,60.0,0,0,0,2,-90.0,-1,0,0,5.0,0,0,0,0,-1,20
21.7986071,-160.1982237,60.0,0,0,0,2,-90.0,-1,0,0,5.0,0,0,0,0,-1,20
21.7986885,-160.1981327,60.0,0,0,0,2,-90.0,-1,0,0,5.0,0,0,0,0,-1,20
21.7985977,-160.1984835,60.0,0,0,0,2,-90.0,-1,0,0,5.0,0,0,0,0,-1,20
21.7981704,-160.1986665,60.0,0,0,0,2,-90.0,-1,0,0,5.0,0,0,0,0,-1,20
21.8008770,-160.1953037,60.0,0,0,0,2,-90.0,-1,0,0,5.0,0,0,0,0,-1,20
21.8008518,-160.1956051,60.0,0,0,0,2,-90.0,-1,0,0,5.0,0,0,0,0,-1,20
21.8004751,-160.1958717,60.0,0,0,0,2,-90.0,-1,0,0,5.0,0,0,0,0,-1,20
21.8005393,-160.1957499,60.0,0,0,0,2,-90.0,-1,0,0,5.0,0,0,0,0,-1,20
21.8006519,-160.1961215,60.0,0,0,0,2,-90.0,-1,0,0,5.0,0,0,0,0,-1,20
21.8006266,-160.1964505,60.0,0,0,0,2,-90.0,-1,0,0,5.0,0,0,0,0,-1,20
21.8003385,-160.1965214,60.0,0,0,0,2,-90.0,-1,0,0,5.0,0,0,0,0,-1,20
21.7998894,-160.1964696,60.0,0,0,0,2,-90.0,-1,0,0,5.0,0,0,0,0,-1,20
21.8032052,-160.1935436,60.0,0,0,0,2,-90.0,-1,0,0,5.0,0,0,0,0,-1,20
21.8029518,-160.1937885,60.0,0,0,0,2,-90.0,-1,0,0,5.0,0,0,0,0,-1,20
21.8029629,-160.1941055,60.0,0,0,0,2,-90.0,-1,0,0,5.0,0,0,0,0,-1,20
21.8028638,-160.1943709,60.0,0,0,0,2,-90.0,-1,0,0,5.0,0,0,0,0,-1,20
21.8024701,-160.1944011,60.0,0,0,0,2,-90.0,-1,0,0,5.0,0,0,0,0,-1,20
21.8022480,-160.1947104,60.0,0,0,0,2,-90.0,-1,0,0,5.0,0,0,0,0,-1,20
21.8062780,-160.1939074,60.0,0,0,0,2,-90.0,-1,0,0,5.0,0,0,0,0,-1,20
21.8062642,-160.1938052,60.0,0,0,0,2,-90.0,-1,0,0,5.0,0,0,0,0,-1,20
21.8062891,-160.1938405,60.0,0,0,0,2,-90.0,-1,0,0,5.0,0,0,0,0,-1,20
21.8057577,-160.1936868,60.0,0,0,0,2,-90.0,-1,0,0,5.0,0,0,0,0,-1,20
21.8058045,-160.1936739,60.0,0,0,0,2,-90.0,-1,0,0,5.0,0,0,0,0,-1,20
21.8056096,-160.1938393,60.0,0,0,0,2,-90.0,-1,0,0,5.0,0,0,0,0,-1,20
21.8053260,-160.1937230,60.0,0,0,0,2,-90.0,-1,0,0,5.0,0,0,0,0,-1,20
21.8050411,-160.1931693,60.0,0,0,0,2,-90.0,-1,0,0,5.0,0,0,0,0,-1,20
21.8063059,-160.1939994,60.0,0,0,0,2,-90.0,-1,0,0,5.0,0,0,0,0,-1,20
21.8064654,-160.1943929,60.0,0,0,0,2,-90.0,-1,0,0,5.0,0,0,0,0,-1,20
21.8066958,-160.1944524,60.0,0,0,0,2,-90.0,-1,0,0,5.0,0,0,0,0,-1,20
21.8080602,-160.1943828,60.0,0,0,0,2,-90.0,-1,0,0,5.0,0,0,0,0,-1,20
21.8081504,-160.1943782,60.0,0,0,0,2,-90.0,-1,0,0,5.0,0,0,0,0,-1,20
21.8084305,-160.1942873,60.0,0,0,0,2,-90.0,-1,0,0,5.0,0,0,0,0,-1,20
21.8097089,-160.1933618,60.0,0,0,0,2,-90.0,-1,0,0,5.0,0,0,0,0,-1,20
21.8133982,-160.1911635,60.0,0,0,0,2,-90.0,-1,0,0,5.0,0,0,0,0,-1,20
21.8132191,-160.1911381,60.0,0,0,0,2,-90.0,-1,0,0,5.0,0,0,0,0,-1,20
21.8133727,-160.1909826,60.0,0,0,0,2,-90.0,-1,0,0,5.0,0,0,0,0,-1,20
21.8133540,-160.1912447,60.0,0,0,0,2,-90.0,-1,0,0,5.0,0,0,0,0,-1,20
21.8132143,-160.1914070,60.0,0,0,0,2,-90.0,-1,0,0,5.0,0,0,0,0,-1,20
21.8127692,-160.1916845,60.0,0,0,0,2,-90.0,-1,0,0,5.0,0,0,0,0,-1,20
21.8120948,-160.1917838,60.0,0,0,0,2,-90.0,-1,0,0,5.0,0,0,0,0,-1,20
21.8119298,-160.1916671,60.0,0,0,0,2,-90.0,-1,0,0,5.0,0,0,0,0,-1,20
21.8134878,-160.1911763,60.0,0,0,0,2,-90.0,-1,0,0,5.0,0,0,0,0,-1,20
21.8139490,-160.1912058,60.0,0,0,0,2,-90.0,-1,0,0,5.0,0,0,0,0,-1,20
21.8143730,-160.1908664,60.0,0,0,0,2,-90.0,-1,0,0,5.0,0,0,0,0,-1,20
21.8143321,-160.1908619,60.0,0,0,0,2,-90.0,-1,0,0,5.0,0,0,0,0,-1,20
21.8145268,-160.1909286,60.0,0,0,0,2,-90.0,-1,0,0,5.0,0,0,0,0,-1,20
21.8147038,-160.1909078,60.0,0,0,0,2,-90.0,-1,0,0,5.0,0,0,0,0,-1,20
21.8151435,-160.1906804,60.0,0,0,0,2,-90.0,-1,0,0,5.0,0,0,0,0,-1,20
21.8152935,-160.1905827,60.0,0,0,0,2,-90.0,-1,0,0,5.0,0,0,0,0,-1,20
21.8154231,-160.1902018,60.0,0,0,0,2,-90.0,-1,0,0,5.0,0,0,0,0,-1,20
21.8152979,-160.1902799,60.0,0,0,0,2,-90.0,-1,0,0,5.0,0,0,0,0,-1,20
21.8160827,-160.1903590,60.0,0,0,0,2,-90.0,-1,0,0,5.0,0,0,0,0,-1,20
21.8162627,-160.1901819,60.0,0,0,0,2,-90.0,-1,0,0,5.0,0,0,0,0,-1,20
21.8162958,-160.1900388,60.0,0,0,0,2,-90.0,-1,0,0,5.0,0,0,0,0,-1,20
21.8160557,-160.1900933,60.0,0,0,0,2,-90.0,-1,0,0,5.0,0,0,0,0,-1,20
21.8162237,-160.1902492,60.0,0,0,0,2,-90.0,-1,0,0,5.0,0,0,0,0,-1,20
21.8164920,-160.1901820,60.0,0,0,0,2,-90.0,-1,0,0,5.0,0,0,0,0,-1,20
21.8175822,-160.1889335,60.0,0,0,0,2,-90.0,-1,0,0,5.0,0,0,0,0,-1,20
21.8176360,-160.1889370,60.0,0,0,0,2,-90.0,-1,0,0,5.0,0,0,0,0,-1,20
21.8177903,-160.1889288,60.0,0,0,0,2,-90.0,-1,0,0,5.0,0,0,0,0,-1,20
21.8179607,-160.1888163,60.0,0,0,0,2,-90.0,-1,0,0,5.0,0,0,0,0,-1,20
21.8180892,-160.1886208,60.0,0,0,0,2,-90.0,-1,0,0,5.0,0,0,0,0,-1,20
21.8180227,-160.1886367,60.0,0,0,0,2,-90.0,-1,0,0,5.0,0,0,0,0,-1,20
21.8179578,-160.1886673,60.0,0,0,0,2,-90.0,-1,0,0,5.0,0,0,0,0,-1,20
21.8182382,-160.1887401,60.0,0,0,0,2,-90.0,-1,0,0,5.0,0,0,0,0,-1,20
21.8184305,-160.1886146,60.0,0,0,0,2,-90.0,-1,0,0,5.0,0,0,0,0,-1,20
21.8187915,-160.1881380,60.0,0,0,0,2,-90.0,-1,0,0,5.0,0,0,0,0,-1,20
21.8189851,-160.1881122,60.0,0,0,0,2,-90.0,-1,0,0,5.0,0,0,0,0,-1,20
21.7864219,-160.2018578,60.0,0,0,0,2,-90.0,-1,0,0,5.0,0,0,0,0,-1,20
