kind,cls,lat,lon,seen_frames,best_score,first_frame
litter,mouse,37.3842105,126.6555869,2,0.96,15181
obstacle,person,37.3835002,126.6563923,11,0.93,25501
obstacle,person,37.3850372,126.6564856,2,0.93,241
obstacle,person,37.3842031,126.6556103,3,0.92,15121
obstacle,person,37.3850314,126.6565094,8,0.92,181
obstacle,person,37.3851292,126.6561632,3,0.91,2941
obstacle,person,37.3834870,126.6562787,4,0.90,24841
obstacle,person,37.3842129,126.6555958,2,0.90,15001
litter,frisbee,37.3844706,126.6555350,2,0.90,12301
obstacle,person,37.3845209,126.6555909,3,0.90,12181
obstacle,person,37.3850024,126.6560830,4,0.89,4621
obstacle,person,37.3839980,126.6558729,2,0.88,17401
obstacle,fire hydrant,37.3839685,126.6559248,3,0.87,17581
obstacle,person,37.3838885,126.6559621,2,0.87,19021
obstacle,person,37.3850916,126.6561512,4,0.87,3661
obstacle,person,37.3850167,126.6560928,2,0.87,4501
obstacle,car,37.3842235,126.6555839,4,0.86,14881
litter,suitcase,37.3850127,126.6560750,3,0.85,4621
obstacle,person,37.3834495,126.6561963,2,0.84,23881
obstacle,car,37.3834928,126.6562800,9,0.84,25021
obstacle,person,37.3844819,126.6555653,4,0.84,10501
obstacle,person,37.3843853,126.6554537,2,0.83,13081
litter,frisbee,37.3844832,126.6555646,4,0.83,10081
obstacle,person,37.3851094,126.6563557,2,0.80,1501
obstacle,person,37.3850914,126.6561329,2,0.80,3961
obstacle,fire hydrant,37.3839715,126.6559466,4,0.80,17821
obstacle,car,37.3842086,126.6555893,7,0.79,15301
obstacle,person,37.3850207,126.6560640,2,0.78,4681
obstacle,stop sign,37.3836237,126.6559232,2,0.78,21601
obstacle,car,37.3851535,126.6562672,7,0.77,2401
obstacle,person,37.3839715,126.6559466,13,0.76,18301
litter,suitcase,37.3840054,126.6558847,3,0.75,17401
litter,cell phone,37.3850347,126.6565123,2,0.73,181
obstacle,person,37.3835358,126.6564383,3,0.71,26161
obstacle,car,37.3839811,126.6559335,5,0.70,17761
litter,cake,37.3846287,126.6556962,2,0.68,8821
obstacle,bus,37.3842699,126.6555165,2,0.68,14701
obstacle,car,37.3842756,126.6555133,3,0.67,14641
obstacle,fire hydrant,37.3843951,126.6554648,2,0.66,13021
obstacle,car,37.3848519,126.6559004,12,0.65,7321
litter,Styrofoam_Piece,37.3842774,126.6555127,5,0.64,14521
obstacle,fire hydrant,37.3846333,126.6557035,5,0.63,9061
litter,tv,37.3850327,126.6565041,2,0.63,121
litter,frisbee,37.3848475,126.6559127,2,0.62,6661
litter,surfboard,37.3846347,126.6557060,2,0.62,8581
litter,bed,37.3845011,126.6555442,5,0.61,11221
litter,airplane,37.3848519,126.6559005,6,0.60,7261
litter,frisbee,37.3834860,126.6561344,2,0.58,23401
obstacle,car,37.3848344,126.6559078,2,0.58,6601
litter,Plastic_Buoy,37.3834769,126.6562584,4,0.58,24121
litter,cat,37.3844821,126.6555644,2,0.58,10681
litter,Styrofoam_Buoy,37.3842284,126.6555626,3,0.58,14881
obstacle,fire hydrant,37.3842876,126.6554366,2,0.57,13921
litter,Plastic_Buoy,37.3842845,126.6554395,4,0.56,13921
litter,knife,37.3846291,126.6556966,2,0.55,8821
obstacle,car,37.3846344,126.6557044,2,0.53,8941
litter,Styrofoam_Buoy,37.3842922,126.6554936,3,0.52,14221
obstacle,person,37.3845441,126.6555596,4,0.52,11521
litter,Styrofoam_Buoy,37.3840911,126.6558097,7,0.52,16681
obstacle,car,37.3840933,126.6558085,5,0.51,16321
litter,Styrofoam_Piece,37.3840264,126.6558461,2,0.50,17101
litter,Plastic_Buoy,37.3846333,126.6557035,10,0.49,9061
obstacle,bus,37.3834885,126.6562758,5,0.49,24541
litter,Styrofoam_Buoy,37.3839796,126.6559275,2,0.48,17701
obstacle,person,37.3842700,126.6555133,2,0.48,14461
litter,Plastic_Buoy,37.3836500,126.6559010,2,0.47,21481
litter,Plastic_Buoy,37.3834910,126.6562785,2,0.46,24541
litter,Styrofoam_Buoy,37.3842600,126.6555277,2,0.46,14761
litter,PET_Bottle,37.3846326,126.6556924,18,0.46,9061
litter,Plastic_ETC,37.3834809,126.6562624,10,0.45,24601
litter,airplane,37.3835164,126.6560975,2,0.45,23221
litter,bottle,37.3842855,126.6554448,2,0.45,13921
litter,Styrofoam_Piece,37.3839885,126.6559380,3,0.45,17701
obstacle,bus,37.3840933,126.6558081,3,0.43,16681
litter,Styrofoam_Piece,37.3838386,126.6558841,4,0.41,19381
litter,Styrofoam_Piece,37.3837461,126.6558118,2,0.41,20281
litter,Styrofoam_Buoy,37.3846686,126.6557400,2,0.41,8401
obstacle,bench,37.3844954,126.6555445,3,0.40,11101
litter,airplane,37.3849624,126.6560263,2,0.40,5941
litter,Styrofoam_Piece,37.3845285,126.6555773,3,0.39,12121
litter,suitcase,37.3851015,126.6563510,2,0.38,1441
litter,Styrofoam_Piece,37.3842049,126.6555811,2,0.37,15061
litter,Styrofoam_Buoy,37.3846296,126.6556978,2,0.37,8761
litter,Plastic_ETC,37.3841746,126.6556672,2,0.36,15901
litter,Plastic_ETC,37.3836893,126.6558241,3,0.36,21121
litter,Styrofoam_Piece,37.3842786,126.6554958,2,0.36,14461
litter,surfboard,37.3834841,126.6562598,2,0.36,24241
litter,Styrofoam_Buoy,37.3837461,126.6558118,2,0.35,20281
litter,Plastic_ETC,37.3835023,126.6563927,2,0.34,25681
litter,Styrofoam_Piece,37.3846600,126.6557259,3,0.33,8461
obstacle,truck,37.3840934,126.6558081,2,0.32,16381
