frame,phase,t_s,alt_m,gsd_cm,cls,score,x,y,w_m,h_m,object_id
8,coverage,7.0,20.0,2.93,Styrofoam_Piece,0.392,120848.97,508068.56,1.39,1.89,1
8,coverage,7.0,20.0,2.93,Styrofoam_Buoy,0.354,120848.95,508068.48,1.59,1.91,1
9,coverage,8.0,20.0,2.93,Styrofoam_Piece,0.330,120848.94,508068.58,1.36,1.91,1
10,coverage,9.0,20.0,2.93,Plastic_Buoy,0.306,120849.75,508067.66,0.79,0.70,2
10,coverage,9.0,20.0,2.93,Styrofoam_Piece,0.260,120848.95,508068.54,1.43,1.87,1
11,coverage,10.0,20.0,2.93,Styrofoam_Buoy,0.311,120849.17,508068.26,2.15,1.62,1
11,coverage,10.0,20.0,2.93,Styrofoam_Piece,0.269,120849.14,508068.64,1.28,1.55,1
11,coverage,10.0,20.0,2.93,Plastic_Buoy,0.254,120849.74,508067.66,0.79,0.76,2
40,revisit,37.0,8.0,1.17,Plastic_Buoy,0.252,120849.80,508067.68,0.76,0.74,2
41,revisit,38.0,8.0,1.17,Styrofoam_Buoy,0.406,120849.03,508067.69,0.81,0.95,2
41,revisit,38.0,8.0,1.17,Plastic_Buoy,0.276,120849.77,508067.64,0.78,0.83,2
41,revisit,38.0,8.0,1.17,Styrofoam_Buoy,0.252,120848.94,508068.34,2.09,2.19,1
42,revisit,39.0,8.0,1.17,Styrofoam_Buoy,0.338,120848.93,508068.57,1.82,1.17,1
42,revisit,39.0,8.0,1.17,Plastic_Buoy,0.298,120849.75,508067.68,0.76,0.76,2
54,revisit,48.3,8.0,1.17,Plastic_Buoy,0.416,120849.77,508067.65,0.79,0.76,2
55,revisit,49.3,8.0,1.17,Styrofoam_Buoy,0.418,120849.05,508067.65,0.81,0.94,2
55,revisit,49.3,8.0,1.17,Styrofoam_Buoy,0.294,120849.02,508068.43,1.63,1.85,1
56,revisit,50.3,8.0,1.17,Plastic_Buoy,0.306,120849.79,508067.68,0.75,0.82,2
56,revisit,50.3,8.0,1.17,Net,0.298,120853.27,508070.16,0.45,0.49,3
63,coverage,56.3,20.0,2.93,Plastic_Buoy,0.252,120849.75,508067.67,0.76,0.69,2
77,coverage,69.5,20.0,2.93,Styrofoam_Buoy,0.286,120884.31,508091.20,1.74,2.03,4
81,coverage,73.5,20.0,2.93,Styrofoam_Buoy,0.335,120884.10,508091.30,1.74,2.93,4
84,coverage,76.5,20.0,2.93,Plastic_Buoy,0.266,120849.78,508067.70,0.77,0.73,2
86,coverage,78.5,20.0,2.93,Plastic_Buoy,0.264,120849.78,508067.70,0.75,0.70,2
116,revisit,106.7,8.0,1.17,Net,0.332,120885.28,508090.61,0.58,0.44,5
125,coverage,114.7,20.0,2.93,PET_Bottle,0.285,120865.20,508100.86,0.96,1.31,6
125,coverage,114.7,20.0,2.93,Styrofoam_Piece,0.265,120870.50,508104.91,1.55,1.71,7
126,coverage,115.7,20.0,2.93,Styrofoam_Piece,0.544,120860.83,508102.64,1.89,1.39,8
127,coverage,116.7,20.0,2.93,Styrofoam_Piece,0.529,120854.74,508104.59,1.46,1.54,9
127,coverage,116.7,20.0,2.93,Styrofoam_Piece,0.525,120860.85,508102.62,1.88,1.42,8
127,coverage,116.7,20.0,2.93,Styrofoam_Piece,0.498,120857.12,508103.88,1.55,1.51,10
127,coverage,116.7,20.0,2.93,Styrofoam_Piece,0.440,120858.07,508100.92,1.04,1.31,11
127,coverage,116.7,20.0,2.93,Styrofoam_Piece,0.398,120855.75,508105.18,1.44,1.48,12
127,coverage,116.7,20.0,2.93,Styrofoam_Buoy,0.384,120857.07,508105.33,1.73,1.61,13
127,coverage,116.7,20.0,2.93,Styrofoam_Piece,0.320,120858.37,508095.81,1.44,0.99,14
127,coverage,116.7,20.0,2.93,Styrofoam_Piece,0.289,120857.08,508105.35,1.71,1.60,13
127,coverage,116.7,20.0,2.93,Styrofoam_Piece,0.273,120853.54,508102.31,1.63,1.20,15
127,coverage,116.7,20.0,2.93,Styrofoam_Buoy,0.269,120855.76,508105.19,1.46,1.49,12
127,coverage,116.7,20.0,2.93,Styrofoam_Piece,0.267,120870.45,508104.94,1.43,1.45,7
127,coverage,116.7,20.0,2.93,Styrofoam_Piece,0.267,120861.66,508101.20,1.36,2.21,16
128,coverage,117.7,20.0,2.93,Styrofoam_Piece,0.603,120854.74,508104.58,1.47,1.55,9
128,coverage,117.7,20.0,2.93,Styrofoam_Piece,0.545,120858.05,508100.93,1.05,1.28,11
128,coverage,117.7,20.0,2.93,Styrofoam_Piece,0.535,120857.12,508103.89,1.54,1.51,10
128,coverage,117.7,20.0,2.93,Styrofoam_Piece,0.520,120860.83,508102.63,1.91,1.31,8
128,coverage,117.7,20.0,2.93,Styrofoam_Piece,0.471,120851.01,508103.46,1.50,1.59,17
128,coverage,117.7,20.0,2.93,Styrofoam_Buoy,0.457,120853.35,508102.29,1.58,1.58,15
128,coverage,117.7,20.0,2.93,Styrofoam_Buoy,0.443,120855.75,508105.21,1.49,1.51,12
128,coverage,117.7,20.0,2.93,Styrofoam_Piece,0.439,120858.38,508095.80,1.46,0.99,14
128,coverage,117.7,20.0,2.93,Styrofoam_Piece,0.434,120851.52,508104.54,1.60,1.55,18
128,coverage,117.7,20.0,2.93,Styrofoam_Buoy,0.433,120857.10,508105.35,1.68,1.56,13
128,coverage,117.7,20.0,2.93,Styrofoam_Piece,0.377,120861.91,508099.57,1.23,1.50,19
128,coverage,117.7,20.0,2.93,Styrofoam_Piece,0.374,120853.57,508103.56,1.48,1.42,20
128,coverage,117.7,20.0,2.93,Styrofoam_Buoy,0.373,120852.23,508104.63,1.65,2.63,18
128,coverage,117.7,20.0,2.93,Styrofoam_Piece,0.364,120853.37,508102.33,1.54,1.54,15
128,coverage,117.7,20.0,2.93,Styrofoam_Piece,0.357,120857.11,508105.36,1.64,1.54,13
128,coverage,117.7,20.0,2.93,Styrofoam_Buoy,0.357,120852.27,508103.22,1.54,1.55,21
128,coverage,117.7,20.0,2.93,Styrofoam_Buoy,0.343,120851.49,508104.59,1.54,1.56,18
128,coverage,117.7,20.0,2.93,Styrofoam_Buoy,0.343,120861.66,508101.19,1.40,2.20,16
128,coverage,117.7,20.0,2.93,Styrofoam_Buoy,0.339,120852.02,508101.85,1.57,1.80,22
128,coverage,117.7,20.0,2.93,Styrofoam_Piece,0.336,120849.91,508103.44,1.07,1.22,23
128,coverage,117.7,20.0,2.93,Styrofoam_Piece,0.332,120861.74,508101.17,1.38,2.25,16
128,coverage,117.7,20.0,2.93,Styrofoam_Piece,0.332,120855.76,508105.17,1.45,1.54,12
128,coverage,117.7,20.0,2.93,Styrofoam_Buoy,0.330,120851.00,508103.42,1.51,1.54,17
128,coverage,117.7,20.0,2.93,Styrofoam_Piece,0.324,120852.34,508098.17,1.69,1.75,24
128,coverage,117.7,20.0,2.93,Styrofoam_Piece,0.322,120870.26,508104.95,1.45,1.08,7
128,coverage,117.7,20.0,2.93,Styrofoam_Buoy,0.320,120852.67,508104.65,1.49,1.61,18
128,coverage,117.7,20.0,2.93,Styrofoam_Piece,0.318,120852.28,508103.22,1.58,1.54,21
128,coverage,117.7,20.0,2.93,Styrofoam_Buoy,0.307,120852.35,508098.18,1.77,1.77,24
128,coverage,117.7,20.0,2.93,Styrofoam_Buoy,0.302,120854.72,508104.58,1.45,1.47,9
128,coverage,117.7,20.0,2.93,Styrofoam_Piece,0.293,120850.04,508104.08,0.90,1.29,23
128,coverage,117.7,20.0,2.93,Styrofoam_Piece,0.285,120863.07,508101.81,1.36,1.19,25
128,coverage,117.7,20.0,2.93,Styrofoam_Buoy,0.280,120853.56,508103.56,1.46,1.42,20
128,coverage,117.7,20.0,2.93,Styrofoam_Piece,0.275,120864.13,508101.20,1.43,1.61,26
128,coverage,117.7,20.0,2.93,Styrofoam_Piece,0.274,120851.62,508095.80,1.77,2.16,27
128,coverage,117.7,20.0,2.93,Styrofoam_Piece,0.267,120850.02,508103.84,1.40,1.30,23
128,coverage,117.7,20.0,2.93,Styrofoam_Piece,0.265,120852.04,508101.87,1.58,1.74,22
128,coverage,117.7,20.0,2.93,Styrofoam_Piece,0.264,120854.26,508100.72,1.04,0.92,28
128,coverage,117.7,20.0,2.93,Styrofoam_Piece,0.262,120852.72,508104.63,1.51,1.60,18
128,coverage,117.7,20.0,2.93,Styrofoam_Buoy,0.262,120863.43,508105.19,2.24,2.18,29
129,coverage,118.7,20.0,2.93,Styrofoam_Piece,0.550,120860.83,508102.64,1.90,1.36,8
129,coverage,118.7,20.0,2.93,Styrofoam_Piece,0.497,120854.73,508104.59,1.43,1.57,9
129,coverage,118.7,20.0,2.93,Styrofoam_Piece,0.471,120857.12,508103.89,1.52,1.50,10
129,coverage,118.7,20.0,2.93,Styrofoam_Piece,0.466,120844.50,508103.03,1.77,1.58,30
129,coverage,118.7,20.0,2.93,Styrofoam_Piece,0.376,120858.05,508100.93,1.08,1.28,11
129,coverage,118.7,20.0,2.93,Styrofoam_Buoy,0.278,120852.09,508104.57,1.67,2.79,18
129,coverage,118.7,20.0,2.93,Styrofoam_Piece,0.262,120850.05,508104.14,0.76,1.22,23
130,coverage,119.7,20.0,2.93,Styrofoam_Piece,0.520,120858.05,508100.93,1.08,1.32,11
130,coverage,119.7,20.0,2.93,Styrofoam_Piece,0.508,120854.75,508104.59,1.47,1.54,9
130,coverage,119.7,20.0,2.93,Styrofoam_Piece,0.453,120844.51,508103.03,1.76,1.57,30
130,coverage,119.7,20.0,2.93,Styrofoam_Piece,0.377,120857.12,508103.88,1.52,1.48,10
130,coverage,119.7,20.0,2.93,Styrofoam_Piece,0.311,120839.98,508100.79,0.93,1.19,31
130,coverage,119.7,20.0,2.93,Styrofoam_Buoy,0.263,120852.11,508104.60,1.76,2.79,18
131,coverage,120.7,20.0,2.93,Styrofoam_Piece,0.532,120854.71,508104.59,1.48,1.56,9
131,coverage,120.7,20.0,2.93,Styrofoam_Piece,0.458,120844.50,508103.06,1.73,1.58,30
131,coverage,120.7,20.0,2.93,Styrofoam_Piece,0.308,120851.00,508103.43,1.46,1.57,17
131,coverage,120.7,20.0,2.93,Styrofoam_Piece,0.295,120839.99,508100.80,0.88,1.19,31
132,coverage,121.7,20.0,2.93,Styrofoam_Piece,0.449,120844.52,508103.05,1.75,1.56,30
132,coverage,121.7,20.0,2.93,Styrofoam_Piece,0.401,120839.95,508100.79,0.89,1.18,31
132,coverage,121.7,20.0,2.93,Styrofoam_Piece,0.327,120850.01,508103.73,1.76,1.46,23
132,coverage,121.7,20.0,2.93,Styrofoam_Piece,0.261,120850.08,508104.14,0.78,1.31,23
133,coverage,122.7,20.0,2.93,Styrofoam_Piece,0.527,120844.51,508103.04,1.78,1.60,30
133,coverage,122.7,20.0,2.93,Styrofoam_Piece,0.406,120840.00,508100.79,0.87,1.23,31
134,coverage,123.7,20.0,2.93,Styrofoam_Piece,0.497,120839.96,508100.79,0.90,1.19,31
142,coverage,131.6,20.0,2.93,Styrofoam_Piece,0.428,120839.90,508100.79,0.90,1.15,31
143,coverage,132.6,20.0,2.93,Styrofoam_Piece,0.473,120839.92,508100.77,0.93,1.22,31
143,coverage,132.6,20.0,2.93,Styrofoam_Piece,0.466,120844.48,508103.00,1.75,1.66,30
144,coverage,133.6,20.0,2.93,Styrofoam_Piece,0.501,120839.91,508100.77,0.89,1.23,31
144,coverage,133.6,20.0,2.93,Styrofoam_Piece,0.471,120844.49,508103.00,1.80,1.68,30
144,coverage,133.6,20.0,2.93,Styrofoam_Piece,0.362,120849.85,508103.41,1.17,1.25,23
144,coverage,133.6,20.0,2.93,Styrofoam_Piece,0.303,120849.96,508103.62,1.57,1.34,23
145,coverage,134.6,20.0,2.93,Styrofoam_Piece,0.475,120844.49,508102.97,1.75,1.63,30
145,coverage,134.6,20.0,2.93,Styrofoam_Piece,0.473,120839.90,508100.78,0.83,1.16,31
145,coverage,134.6,20.0,2.93,Styrofoam_Piece,0.336,120854.72,508104.55,1.48,1.61,9
145,coverage,134.6,20.0,2.93,Styrofoam_Piece,0.286,120849.86,508103.44,1.25,1.35,23
146,coverage,135.6,20.0,2.93,Styrofoam_Piece,0.478,120857.09,508103.86,1.55,1.49,10
146,coverage,135.6,20.0,2.93,Styrofoam_Piece,0.432,120855.76,508105.16,1.48,1.49,12
146,coverage,135.6,20.0,2.93,Styrofoam_Piece,0.428,120839.90,508100.79,0.87,1.14,31
146,coverage,135.6,20.0,2.93,Styrofoam_Piece,0.428,120854.71,508104.55,1.46,1.58,9
146,coverage,135.6,20.0,2.93,Styrofoam_Piece,0.413,120858.03,508100.89,1.13,1.33,11
146,coverage,135.6,20.0,2.93,Styrofoam_Piece,0.398,120844.50,508103.00,1.79,1.65,30
146,coverage,135.6,20.0,2.93,Styrofoam_Piece,0.380,120857.07,508105.33,1.68,1.59,13
146,coverage,135.6,20.0,2.93,Styrofoam_Piece,0.323,120852.69,508104.61,1.50,1.57,18
146,coverage,135.6,20.0,2.93,Styrofoam_Piece,0.294,120851.48,508104.56,1.55,1.52,18
147,coverage,136.6,20.0,2.93,Styrofoam_Piece,0.553,120858.03,508100.90,1.08,1.28,11
147,coverage,136.6,20.0,2.93,Styrofoam_Piece,0.545,120860.81,508102.60,1.89,1.54,8
147,coverage,136.6,20.0,2.93,Styrofoam_Piece,0.537,120854.70,508104.57,1.51,1.58,9
147,coverage,136.6,20.0,2.93,Styrofoam_Piece,0.528,120857.09,508103.84,1.57,1.52,10
147,coverage,136.6,20.0,2.93,Styrofoam_Piece,0.518,120855.75,508105.16,1.48,1.44,12
147,coverage,136.6,20.0,2.93,Styrofoam_Piece,0.467,120851.48,508104.53,1.56,1.57,18
147,coverage,136.6,20.0,2.93,Styrofoam_Piece,0.458,120858.35,508095.77,1.47,1.03,14
147,coverage,136.6,20.0,2.93,Styrofoam_Piece,0.453,120844.48,508102.98,1.74,1.64,30
147,coverage,136.6,20.0,2.93,Styrofoam_Buoy,0.448,120851.50,508104.56,1.55,1.63,18
147,coverage,136.6,20.0,2.93,Styrofoam_Piece,0.441,120857.05,508105.32,1.67,1.52,13
147,coverage,136.6,20.0,2.93,Styrofoam_Piece,0.432,120853.56,508103.50,1.50,1.44,20
147,coverage,136.6,20.0,2.93,Styrofoam_Piece,0.431,120861.92,508099.53,1.18,1.46,19
147,coverage,136.6,20.0,2.93,Styrofoam_Piece,0.419,120853.35,508102.31,1.55,1.53,15
147,coverage,136.6,20.0,2.93,Styrofoam_Piece,0.405,120852.69,508104.61,1.52,1.54,18
147,coverage,136.6,20.0,2.93,Styrofoam_Buoy,0.385,120852.19,508103.20,1.56,1.57,21
147,coverage,136.6,20.0,2.93,Styrofoam_Buoy,0.383,120852.00,508101.82,1.65,1.84,22
147,coverage,136.6,20.0,2.93,Styrofoam_Buoy,0.378,120861.62,508101.15,1.41,2.22,16
147,coverage,136.6,20.0,2.93,Styrofoam_Piece,0.375,120861.68,508101.18,1.35,2.12,16
147,coverage,136.6,20.0,2.93,Styrofoam_Buoy,0.366,120850.98,508103.38,1.57,1.66,17
147,coverage,136.6,20.0,2.93,Styrofoam_Buoy,0.346,120855.79,508105.18,1.51,1.47,12
147,coverage,136.6,20.0,2.93,Styrofoam_Buoy,0.337,120853.36,508102.30,1.56,1.61,15
147,coverage,136.6,20.0,2.93,Styrofoam_Piece,0.334,120852.30,508098.13,1.77,1.79,24
147,coverage,136.6,20.0,2.93,Styrofoam_Piece,0.333,120852.21,508103.19,1.65,1.54,21
147,coverage,136.6,20.0,2.93,Styrofoam_Piece,0.322,120849.91,508103.60,1.48,1.40,23
147,coverage,136.6,20.0,2.93,Styrofoam_Piece,0.307,120850.97,508103.43,1.57,1.63,17
147,coverage,136.6,20.0,2.93,Styrofoam_Piece,0.304,120863.02,508101.77,1.33,1.12,25
147,coverage,136.6,20.0,2.93,Styrofoam_Buoy,0.304,120852.33,508098.12,1.76,1.78,24
147,coverage,136.6,20.0,2.93,Styrofoam_Piece,0.297,120849.84,508103.42,1.14,1.26,23
147,coverage,136.6,20.0,2.93,Styrofoam_Buoy,0.289,120854.71,508104.54,1.50,1.60,9
147,coverage,136.6,20.0,2.93,Styrofoam_Buoy,0.282,120857.12,508103.84,1.55,1.52,10
147,coverage,136.6,20.0,2.93,Styrofoam_Buoy,0.281,120864.10,508101.44,2.05,1.74,26
147,coverage,136.6,20.0,2.93,Styrofoam_Buoy,0.277,120857.09,508105.33,1.64,1.50,13
147,coverage,136.6,20.0,2.93,Styrofoam_Piece,0.276,120851.59,508095.77,1.79,2.15,27
147,coverage,136.6,20.0,2.93,Styrofoam_Piece,0.274,120852.00,508101.83,1.57,1.76,22
147,coverage,136.6,20.0,2.93,Styrofoam_Buoy,0.270,120852.67,508104.64,1.52,1.57,18
147,coverage,136.6,20.0,2.93,Styrofoam_Buoy,0.252,120853.55,508103.54,1.40,1.36,20
148,coverage,137.6,20.0,2.93,Styrofoam_Piece,0.461,120857.08,508103.86,1.55,1.52,10
148,coverage,137.6,20.0,2.93,Styrofoam_Piece,0.440,120860.78,508102.59,1.93,1.43,8
148,coverage,137.6,20.0,2.93,Styrofoam_Piece,0.435,120854.70,508104.56,1.50,1.59,9
148,coverage,137.6,20.0,2.93,Styrofoam_Piece,0.340,120855.76,508105.15,1.48,1.48,12
148,coverage,137.6,20.0,2.93,Styrofoam_Piece,0.302,120858.01,508100.90,1.11,1.32,11
148,coverage,137.6,20.0,2.93,Styrofoam_Piece,0.262,120857.05,508105.36,1.68,1.57,13
149,coverage,138.6,20.0,2.93,Styrofoam_Piece,0.488,120857.09,508103.84,1.55,1.51,10
149,coverage,138.6,20.0,2.93,Styrofoam_Piece,0.469,120854.69,508104.55,1.48,1.56,9
149,coverage,138.6,20.0,2.93,Styrofoam_Piece,0.443,120855.76,508105.16,1.49,1.47,12
149,coverage,138.6,20.0,2.93,Styrofoam_Piece,0.430,120860.80,508102.60,1.91,1.52,8
149,coverage,138.6,20.0,2.93,Styrofoam_Piece,0.355,120857.08,508105.36,1.65,1.52,13
149,coverage,138.6,20.0,2.93,Styrofoam_Piece,0.341,120870.42,508104.87,1.51,1.43,7
149,coverage,138.6,20.0,2.93,Styrofoam_Piece,0.311,120858.04,508100.91,1.10,1.31,11
149,coverage,138.6,20.0,2.93,Styrofoam_Piece,0.310,120861.60,508101.12,1.35,2.16,16
150,coverage,139.6,20.0,2.93,Styrofoam_Piece,0.521,120860.83,508102.59,1.88,1.44,8
150,coverage,139.6,20.0,2.93,Styrofoam_Piece,0.425,120861.89,508099.52,1.13,1.46,19
150,coverage,139.6,20.0,2.93,Styrofoam_Piece,0.413,120870.41,508104.91,1.43,1.40,7
150,coverage,139.6,20.0,2.93,Styrofoam_Piece,0.409,120861.69,508101.17,1.36,2.13,16
150,coverage,139.6,20.0,2.93,Styrofoam_Buoy,0.397,120861.65,508101.15,1.42,2.20,16
150,coverage,139.6,20.0,2.93,Styrofoam_Piece,0.327,120870.84,508103.79,1.68,1.43,32
150,coverage,139.6,20.0,2.93,Styrofoam_Buoy,0.262,120864.11,508101.46,1.99,1.66,26
150,coverage,139.6,20.0,2.93,Styrofoam_Piece,0.259,120863.03,508101.76,1.30,1.13,25
150,coverage,139.6,20.0,2.93,Styrofoam_Buoy,0.255,120870.85,508103.78,1.67,1.41,32
151,coverage,140.6,20.0,2.93,Styrofoam_Piece,0.382,120870.86,508103.82,1.59,1.42,32
151,coverage,140.6,20.0,2.93,Styrofoam_Piece,0.364,120870.42,508104.93,1.43,1.39,7
151,coverage,140.6,20.0,2.93,Styrofoam_Buoy,0.291,120864.19,508101.46,1.99,1.56,26
152,coverage,141.6,20.0,2.93,Styrofoam_Piece,0.388,120870.40,508104.90,1.45,1.42,7
152,coverage,141.6,20.0,2.93,Styrofoam_Piece,0.314,120870.85,508103.81,1.61,1.42,32
173,revisit,160.7,8.0,1.17,Plastic_ETC,0.350,120865.55,508100.83,0.92,0.51,6
174,revisit,161.7,8.0,1.17,Styrofoam_Buoy,0.392,120870.40,508105.03,1.39,1.56,7
174,revisit,161.7,8.0,1.17,Styrofoam_Buoy,0.387,120870.81,508103.83,1.53,1.56,32
175,revisit,162.7,8.0,1.17,Styrofoam_Buoy,0.371,120870.83,508103.82,1.43,1.44,32
175,revisit,162.7,8.0,1.17,Plastic_ETC,0.362,120865.33,508100.86,0.97,0.81,6
175,revisit,162.7,8.0,1.17,Styrofoam_Buoy,0.349,120870.42,508104.98,1.54,1.40,7
188,revisit,172.9,8.0,1.17,Plastic_ETC,0.331,120865.23,508100.90,0.97,1.21,6
188,revisit,172.9,8.0,1.17,PET_Bottle,0.300,120865.30,508102.05,0.93,0.84,33
189,revisit,173.9,8.0,1.17,Plastic_Buoy,0.542,120863.54,508104.03,0.66,0.49,34
189,revisit,173.9,8.0,1.17,Styrofoam_Buoy,0.272,120870.32,508104.94,1.51,1.66,7
202,revisit,184.2,8.0,1.17,Styrofoam_Buoy,0.406,120863.27,508102.68,0.96,0.88,25
202,revisit,184.2,8.0,1.17,Plastic_ETC,0.315,120865.22,508100.81,0.91,1.31,6
202,revisit,184.2,8.0,1.17,Styrofoam_Buoy,0.283,120860.75,508102.61,1.63,1.83,8
203,revisit,185.2,8.0,1.17,Styrofoam_Buoy,0.575,120861.67,508101.24,2.18,1.39,16
203,revisit,185.2,8.0,1.17,Styrofoam_Buoy,0.491,120861.92,508099.54,1.39,1.03,19
203,revisit,185.2,8.0,1.17,Styrofoam_Buoy,0.487,120863.33,508102.70,0.96,0.84,25
203,revisit,185.2,8.0,1.17,Styrofoam_Buoy,0.473,120860.81,508102.62,1.64,1.83,8
203,revisit,185.2,8.0,1.17,Styrofoam_Buoy,0.446,120864.11,508101.23,1.57,1.46,26
203,revisit,185.2,8.0,1.17,Styrofoam_Buoy,0.397,120863.05,508101.83,1.26,1.38,25
203,revisit,185.2,8.0,1.17,Styrofoam_Buoy,0.396,120860.21,508098.32,1.53,1.43,35
203,revisit,185.2,8.0,1.17,Plastic_ETC,0.357,120865.19,508100.84,1.25,0.85,6
203,revisit,185.2,8.0,1.17,Styrofoam_Buoy,0.304,120860.38,508103.87,1.07,1.06,36
203,revisit,185.2,8.0,1.17,Styrofoam_Buoy,0.294,120863.24,508105.48,1.32,0.65,29
203,revisit,185.2,8.0,1.17,Styrofoam_Buoy,0.294,120861.48,508098.77,0.83,0.91,19
203,revisit,185.2,8.0,1.17,Styrofoam_Buoy,0.268,120863.15,508104.72,0.90,1.17,29
204,revisit,186.2,8.0,1.17,Plastic_ETC,0.368,120865.22,508100.80,1.20,1.18,6
204,revisit,186.2,8.0,1.17,Styrofoam_Buoy,0.297,120863.31,508102.66,0.84,1.05,25
216,revisit,195.4,8.0,1.17,Styrofoam_Buoy,0.512,120860.78,508102.62,1.81,1.19,8
216,revisit,195.4,8.0,1.17,Styrofoam_Buoy,0.468,120861.88,508099.63,1.31,1.29,19
216,revisit,195.4,8.0,1.17,Styrofoam_Buoy,0.417,120863.31,508102.67,0.81,1.02,25
216,revisit,195.4,8.0,1.17,Styrofoam_Buoy,0.407,120861.74,508101.21,1.94,2.26,16
216,revisit,195.4,8.0,1.17,Styrofoam_Buoy,0.379,120864.15,508101.24,1.41,1.60,26
216,revisit,195.4,8.0,1.17,Styrofoam_Buoy,0.357,120863.01,508101.80,1.21,1.11,25
216,revisit,195.4,8.0,1.17,Plastic_ETC,0.337,120865.21,508100.82,1.21,1.11,6
216,revisit,195.4,8.0,1.17,Styrofoam_Buoy,0.266,120859.16,508097.66,1.20,1.40,37
217,revisit,196.4,8.0,1.17,Styrofoam_Buoy,0.550,120857.37,508103.88,1.45,0.98,10
217,revisit,196.4,8.0,1.17,Styrofoam_Buoy,0.520,120860.80,508102.57,1.67,1.79,8
217,revisit,196.4,8.0,1.17,Styrofoam_Buoy,0.453,120863.31,508102.70,0.93,0.86,25
217,revisit,196.4,8.0,1.17,Styrofoam_Buoy,0.383,120861.74,508101.19,1.80,2.12,16
217,revisit,196.4,8.0,1.17,Styrofoam_Buoy,0.334,120862.99,508101.77,1.31,1.23,25
217,revisit,196.4,8.0,1.17,Styrofoam_Buoy,0.304,120864.11,508101.25,1.55,1.48,26
217,revisit,196.4,8.0,1.17,Plastic_ETC,0.293,120865.26,508100.78,0.94,1.34,6
217,revisit,196.4,8.0,1.17,Styrofoam_Buoy,0.273,120861.93,508099.60,1.17,1.42,19
218,revisit,197.4,8.0,1.17,Plastic_ETC,0.381,120865.19,508100.85,1.22,0.84,6
230,revisit,206.7,8.0,1.17,Styrofoam_Buoy,0.416,120861.74,508101.19,2.07,1.88,16
230,revisit,206.7,8.0,1.17,Styrofoam_Buoy,0.414,120858.07,508100.90,1.22,1.02,11
230,revisit,206.7,8.0,1.17,Styrofoam_Buoy,0.404,120860.80,508102.63,1.89,1.54,8
230,revisit,206.7,8.0,1.17,Styrofoam_Buoy,0.355,120861.91,508099.60,1.42,1.26,19
230,revisit,206.7,8.0,1.17,Styrofoam_Buoy,0.353,120863.31,508102.68,0.83,0.99,25
230,revisit,206.7,8.0,1.17,Plastic_ETC,0.353,120865.23,508100.81,1.30,1.02,6
230,revisit,206.7,8.0,1.17,Styrofoam_Buoy,0.279,120864.11,508101.24,1.47,1.57,26
230,revisit,206.7,8.0,1.17,Styrofoam_Buoy,0.273,120863.00,508101.79,1.22,1.27,25
231,revisit,207.7,8.0,1.17,Plastic_ETC,0.320,120865.20,508100.81,0.86,1.28,6
232,revisit,208.7,8.0,1.17,Styrofoam_Buoy,0.504,120863.32,508102.68,1.05,0.83,25
232,revisit,208.7,8.0,1.17,Styrofoam_Buoy,0.436,120858.04,508100.90,1.18,1.10,11
232,revisit,208.7,8.0,1.17,Styrofoam_Buoy,0.434,120860.82,508102.56,1.17,1.84,8
232,revisit,208.7,8.0,1.17,Styrofoam_Buoy,0.405,120861.63,508101.17,2.24,1.62,16
232,revisit,208.7,8.0,1.17,Plastic_ETC,0.384,120865.19,508100.82,1.17,1.15,6
232,revisit,208.7,8.0,1.17,Styrofoam_Buoy,0.364,120857.52,508103.79,0.76,1.53,10
244,revisit,218.1,8.0,1.17,Styrofoam_Buoy,0.447,120857.12,508103.80,1.64,1.49,10
244,revisit,218.1,8.0,1.17,Styrofoam_Buoy,0.427,120858.06,508100.89,0.94,1.23,11
244,revisit,218.1,8.0,1.17,Styrofoam_Buoy,0.419,120863.29,508102.68,0.96,0.91,25
244,revisit,218.1,8.0,1.17,Styrofoam_Buoy,0.403,120860.78,508102.61,1.64,1.86,8
244,revisit,218.1,8.0,1.17,Plastic_ETC,0.339,120865.22,508100.80,0.94,1.31,6
244,revisit,218.1,8.0,1.17,Styrofoam_Buoy,0.336,120861.73,508101.14,1.86,2.12,16
244,revisit,218.1,8.0,1.17,Styrofoam_Buoy,0.275,120855.17,508103.21,0.90,1.03,38
245,revisit,219.1,8.0,1.17,Plastic_ETC,0.369,120865.21,508100.84,1.20,0.86,6
246,revisit,220.1,8.0,1.17,Plastic_ETC,0.360,120865.24,508100.81,1.20,1.12,6
258,revisit,229.4,8.0,1.17,Plastic_ETC,0.355,120865.19,508100.83,1.18,0.84,6
259,revisit,230.4,8.0,1.17,Plastic_ETC,0.394,120865.20,508100.83,1.16,1.13,6
260,revisit,231.4,8.0,1.17,Styrofoam_Buoy,0.559,120858.06,508100.90,0.96,1.25,11
260,revisit,231.4,8.0,1.17,Styrofoam_Buoy,0.510,120860.80,508102.57,1.69,1.77,8
260,revisit,231.4,8.0,1.17,Styrofoam_Buoy,0.401,120863.32,508102.70,0.93,0.86,25
260,revisit,231.4,8.0,1.17,Styrofoam_Buoy,0.381,120861.94,508099.60,1.15,1.42,19
260,revisit,231.4,8.0,1.17,Styrofoam_Buoy,0.352,120861.74,508101.18,1.77,2.07,16
260,revisit,231.4,8.0,1.17,Styrofoam_Buoy,0.348,120863.00,508101.77,1.33,1.24,25
260,revisit,231.4,8.0,1.17,Styrofoam_Buoy,0.329,120864.14,508101.25,1.55,1.53,26
260,revisit,231.4,8.0,1.17,Styrofoam_Buoy,0.285,120858.54,508095.89,1.48,0.88,14
260,revisit,231.4,8.0,1.17,Plastic_ETC,0.281,120865.08,508100.65,0.97,0.92,6
260,revisit,231.4,8.0,1.17,Styrofoam_Buoy,0.270,120859.20,508097.52,1.34,1.33,37
274,revisit,242.4,8.0,1.17,Styrofoam_Buoy,0.566,120861.68,508101.17,2.10,1.43,16
274,revisit,242.4,8.0,1.17,Styrofoam_Buoy,0.518,120861.95,508099.53,1.42,1.06,19
274,revisit,242.4,8.0,1.17,Styrofoam_Buoy,0.516,120858.08,508100.85,1.28,0.78,11
274,revisit,242.4,8.0,1.17,Styrofoam_Buoy,0.455,120858.37,508095.81,1.17,1.36,14
274,revisit,242.4,8.0,1.17,Styrofoam_Buoy,0.343,120852.30,508098.21,1.73,1.67,24
274,revisit,242.4,8.0,1.17,Styrofoam_Buoy,0.295,120861.48,508098.77,0.81,0.92,19
275,revisit,243.4,8.0,1.17,Styrofoam_Buoy,0.353,120858.04,508100.79,0.89,1.26,11
275,revisit,243.4,8.0,1.17,Styrofoam_Piece,0.261,120858.04,508100.78,0.89,1.21,11
288,revisit,253.7,8.0,1.17,Styrofoam_Buoy,0.301,120860.50,508102.13,0.71,1.11,8
289,revisit,254.7,8.0,1.17,Styrofoam_Buoy,0.570,120857.97,508100.89,0.98,1.10,11
289,revisit,254.7,8.0,1.17,Styrofoam_Buoy,0.531,120857.10,508103.85,1.55,1.46,10
289,revisit,254.7,8.0,1.17,Styrofoam_Buoy,0.501,120854.74,508104.55,1.52,1.56,9
289,revisit,254.7,8.0,1.17,Styrofoam_Buoy,0.472,120855.87,508105.18,1.44,1.43,12
289,revisit,254.7,8.0,1.17,Styrofoam_Buoy,0.417,120853.42,508102.33,1.43,1.43,15
289,revisit,254.7,8.0,1.17,Styrofoam_Buoy,0.398,120852.01,508101.80,1.53,1.61,22
289,revisit,254.7,8.0,1.17,Styrofoam_Buoy,0.394,120851.47,508104.54,1.61,1.54,18
289,revisit,254.7,8.0,1.17,Styrofoam_Buoy,0.368,120854.27,508100.70,0.97,0.88,28
289,revisit,254.7,8.0,1.17,Styrofoam_Buoy,0.362,120852.76,508104.68,1.55,1.40,18
289,revisit,254.7,8.0,1.17,Styrofoam_Buoy,0.304,120850.01,508099.68,1.46,0.79,39
289,revisit,254.7,8.0,1.17,Styrofoam_Buoy,0.293,120852.33,508098.20,1.62,1.72,24
289,revisit,254.7,8.0,1.17,Styrofoam_Buoy,0.279,120849.84,508103.42,1.03,1.13,23
289,revisit,254.7,8.0,1.17,Styrofoam_Buoy,0.256,120850.99,508103.44,1.51,1.59,17
289,revisit,254.7,8.0,1.17,Net,0.254,120851.99,508099.01,0.49,0.52,24
290,revisit,255.7,8.0,1.17,Styrofoam_Buoy,0.453,120860.54,508101.98,0.84,0.64,8
302,revisit,265.1,8.0,1.17,Styrofoam_Buoy,0.545,120857.09,508103.82,1.49,1.60,10
302,revisit,265.1,8.0,1.17,Styrofoam_Buoy,0.442,120858.06,508100.90,1.24,0.86,11
302,revisit,265.1,8.0,1.17,Styrofoam_Buoy,0.420,120851.45,508104.58,1.54,1.53,18
302,revisit,265.1,8.0,1.17,Styrofoam_Buoy,0.408,120855.80,508105.20,1.61,1.45,12
302,revisit,265.1,8.0,1.17,Styrofoam_Buoy,0.389,120850.96,508103.47,1.57,1.46,17
302,revisit,265.1,8.0,1.17,Styrofoam_Buoy,0.374,120852.71,508104.72,1.50,1.59,18
302,revisit,265.1,8.0,1.17,Styrofoam_Buoy,0.368,120854.70,508104.58,1.50,1.52,9
302,revisit,265.1,8.0,1.17,Styrofoam_Buoy,0.327,120853.41,508102.38,1.48,1.39,15
302,revisit,265.1,8.0,1.17,Styrofoam_Buoy,0.285,120853.58,508103.60,1.42,1.41,20
302,revisit,265.1,8.0,1.17,Styrofoam_Buoy,0.261,120852.20,508103.24,1.59,1.53,21
303,revisit,266.1,8.0,1.17,Net,0.433,120851.98,508098.99,0.50,0.50,24
316,revisit,276.3,8.0,1.17,Styrofoam_Buoy,0.534,120857.14,508103.90,1.60,1.49,10
316,revisit,276.3,8.0,1.17,Styrofoam_Buoy,0.533,120854.75,508104.52,1.60,1.46,9
316,revisit,276.3,8.0,1.17,Styrofoam_Buoy,0.463,120852.71,508104.64,1.58,1.46,18
316,revisit,276.3,8.0,1.17,Styrofoam_Buoy,0.463,120858.06,508100.92,1.22,1.09,11
316,revisit,276.3,8.0,1.17,Styrofoam_Buoy,0.453,120851.49,508104.56,1.56,1.53,18
316,revisit,276.3,8.0,1.17,Styrofoam_Buoy,0.452,120855.79,508105.21,1.39,1.41,12
316,revisit,276.3,8.0,1.17,Styrofoam_Buoy,0.450,120853.39,508102.34,1.40,1.33,15
316,revisit,276.3,8.0,1.17,Styrofoam_Buoy,0.421,120850.98,508103.44,1.55,1.48,17
316,revisit,276.3,8.0,1.17,Styrofoam_Buoy,0.370,120854.25,508100.70,0.84,0.96,28
316,revisit,276.3,8.0,1.17,Styrofoam_Buoy,0.267,120849.84,508103.42,1.08,1.11,23
317,revisit,277.3,8.0,1.17,Net,0.446,120851.97,508099.00,0.57,0.45,24
330,revisit,287.6,8.0,1.17,Styrofoam_Buoy,0.288,120855.73,508105.17,1.63,1.24,12
332,revisit,289.6,8.0,1.17,Net,0.334,120851.96,508099.02,0.55,0.43,24
344,revisit,298.9,8.0,1.17,Styrofoam_Buoy,0.470,120852.68,508104.65,1.48,1.57,18
344,revisit,298.9,8.0,1.17,Styrofoam_Buoy,0.468,120854.74,508104.51,1.43,1.54,9
344,revisit,298.9,8.0,1.17,Styrofoam_Buoy,0.418,120850.05,508104.08,0.87,1.16,23
344,revisit,298.9,8.0,1.17,Styrofoam_Buoy,0.416,120851.47,508104.58,1.58,1.52,18
344,revisit,298.9,8.0,1.17,Styrofoam_Buoy,0.416,120853.35,508102.33,1.42,1.44,15
344,revisit,298.9,8.0,1.17,Styrofoam_Buoy,0.361,120850.99,508103.41,1.47,1.53,17
344,revisit,298.9,8.0,1.17,Styrofoam_Buoy,0.320,120854.21,508100.69,0.97,0.83,28
344,revisit,298.9,8.0,1.17,Styrofoam_Buoy,0.307,120852.30,508098.16,1.65,1.63,24
344,revisit,298.9,8.0,1.17,Styrofoam_Buoy,0.289,120849.84,508103.44,1.11,1.03,23
344,revisit,298.9,8.0,1.17,Styrofoam_Buoy,0.282,120852.22,508103.22,1.58,1.53,21
344,revisit,298.9,8.0,1.17,Styrofoam_Buoy,0.261,120849.08,508101.11,1.49,1.13,40
344,revisit,298.9,8.0,1.17,Styrofoam_Buoy,0.253,120855.48,508105.24,1.44,0.81,12
344,revisit,298.9,8.0,1.17,Styrofoam_Piece,0.251,120852.80,508100.99,0.54,0.65,41
346,revisit,300.9,8.0,1.17,Styrofoam_Buoy,0.394,120854.70,508104.57,1.48,1.52,9
346,revisit,300.9,8.0,1.17,Styrofoam_Buoy,0.388,120851.46,508104.52,1.52,1.57,18
346,revisit,300.9,8.0,1.17,Styrofoam_Buoy,0.383,120855.59,508105.07,0.97,1.39,12
346,revisit,300.9,8.0,1.17,Styrofoam_Buoy,0.324,120844.65,508103.04,1.16,1.51,30
346,revisit,300.9,8.0,1.17,Styrofoam_Buoy,0.313,120852.68,508104.67,1.49,1.61,18
346,revisit,300.9,8.0,1.17,Styrofoam_Buoy,0.273,120851.94,508101.78,1.62,1.60,22
346,revisit,300.9,8.0,1.17,Styrofoam_Buoy,0.261,120850.05,508104.13,1.19,0.96,23
358,revisit,310.1,8.0,1.17,Styrofoam_Buoy,0.399,120854.42,508104.63,1.34,0.83,9
358,revisit,310.1,8.0,1.17,Styrofoam_Buoy,0.325,120852.66,508104.65,1.53,1.60,18
358,revisit,310.1,8.0,1.17,Styrofoam_Buoy,0.288,120850.98,508103.39,1.45,1.52,17
359,revisit,311.1,8.0,1.17,Net,0.317,120851.97,508099.00,0.46,0.60,24
360,revisit,312.1,8.0,1.17,Styrofoam_Buoy,0.280,120854.64,508104.54,1.36,1.50,9
372,revisit,321.5,8.0,1.17,Styrofoam_Buoy,0.514,120857.93,508100.95,0.67,1.10,11
372,revisit,321.5,8.0,1.17,Styrofoam_Buoy,0.480,120855.86,508105.19,1.48,1.48,12
372,revisit,321.5,8.0,1.17,Styrofoam_Buoy,0.470,120854.72,508104.55,1.56,1.52,9
372,revisit,321.5,8.0,1.17,Styrofoam_Buoy,0.459,120852.73,508104.70,1.67,1.48,18
372,revisit,321.5,8.0,1.17,Styrofoam_Buoy,0.443,120856.87,508103.69,1.66,0.92,10
372,revisit,321.5,8.0,1.17,Styrofoam_Buoy,0.419,120853.42,508102.35,1.44,1.42,15
372,revisit,321.5,8.0,1.17,Styrofoam_Buoy,0.380,120852.01,508101.77,1.56,1.55,22
372,revisit,321.5,8.0,1.17,Styrofoam_Buoy,0.376,120851.47,508104.54,1.62,1.55,18
372,revisit,321.5,8.0,1.17,Styrofoam_Buoy,0.358,120850.98,508103.44,1.54,1.59,17
372,revisit,321.5,8.0,1.17,Styrofoam_Buoy,0.307,120849.84,508103.42,0.97,1.15,23
372,revisit,321.5,8.0,1.17,Styrofoam_Piece,0.295,120854.26,508100.70,0.97,0.95,28
372,revisit,321.5,8.0,1.17,Styrofoam_Buoy,0.265,120850.02,508104.14,0.91,1.20,23
372,revisit,321.5,8.0,1.17,Styrofoam_Buoy,0.255,120854.26,508100.70,0.98,0.93,28
373,revisit,322.5,8.0,1.17,Styrofoam_Buoy,0.556,120856.93,508103.88,1.21,1.50,10
373,revisit,322.5,8.0,1.17,Styrofoam_Buoy,0.541,120851.47,508104.54,1.54,1.50,18
373,revisit,322.5,8.0,1.17,Styrofoam_Buoy,0.480,120854.74,508104.53,1.54,1.44,9
373,revisit,322.5,8.0,1.17,Styrofoam_Buoy,0.455,120853.36,508102.33,1.43,1.34,15
373,revisit,322.5,8.0,1.17,Styrofoam_Buoy,0.453,120852.64,508104.59,1.61,1.48,18
373,revisit,322.5,8.0,1.17,Styrofoam_Buoy,0.441,120850.03,508104.04,1.16,0.82,23
373,revisit,322.5,8.0,1.17,Styrofoam_Buoy,0.411,120855.78,508105.18,1.37,1.43,12
373,revisit,322.5,8.0,1.17,Styrofoam_Buoy,0.392,120849.19,508101.48,1.26,0.75,40
373,revisit,322.5,8.0,1.17,Styrofoam_Buoy,0.345,120849.83,508103.42,1.04,1.09,23
373,revisit,322.5,8.0,1.17,Styrofoam_Buoy,0.331,120852.10,508101.80,1.67,1.54,22
373,revisit,322.5,8.0,1.17,Styrofoam_Buoy,0.325,120850.99,508103.42,1.57,1.48,17
373,revisit,322.5,8.0,1.17,Styrofoam_Buoy,0.320,120853.54,508103.57,1.33,1.26,20
373,revisit,322.5,8.0,1.17,Styrofoam_Buoy,0.311,120857.04,508105.29,1.39,1.63,13
373,revisit,322.5,8.0,1.17,Styrofoam_Piece,0.260,120849.15,508101.48,1.12,0.67,40
374,revisit,323.5,8.0,1.17,Styrofoam_Buoy,0.520,120856.93,508104.05,1.43,0.96,10
374,revisit,323.5,8.0,1.17,Styrofoam_Buoy,0.493,120854.69,508104.55,1.33,1.54,9
374,revisit,323.5,8.0,1.17,Styrofoam_Buoy,0.394,120852.67,508104.66,1.52,1.59,18
374,revisit,323.5,8.0,1.17,Styrofoam_Buoy,0.375,120852.15,508098.30,1.50,1.27,24
374,revisit,323.5,8.0,1.17,Styrofoam_Buoy,0.370,120851.49,508104.58,1.53,1.51,18
374,revisit,323.5,8.0,1.17,Styrofoam_Buoy,0.352,120850.94,508103.42,1.51,1.45,17
374,revisit,323.5,8.0,1.17,Styrofoam_Buoy,0.324,120853.59,508103.62,1.42,1.40,20
374,revisit,323.5,8.0,1.17,Styrofoam_Buoy,0.323,120853.41,508102.39,1.43,1.41,15
374,revisit,323.5,8.0,1.17,Styrofoam_Buoy,0.312,120852.17,508103.25,1.56,1.45,21
374,revisit,323.5,8.0,1.17,Styrofoam_Buoy,0.302,120855.81,508105.20,1.49,1.45,12
386,revisit,333.1,8.0,1.17,Styrofoam_Buoy,0.354,120857.71,508100.88,0.57,0.89,11
387,revisit,334.1,8.0,1.17,PET_Bottle,0.291,120845.89,508101.26,0.57,0.37,42
400,revisit,344.8,8.0,1.17,Styrofoam_Buoy,0.469,120857.75,508100.85,0.67,0.87,11
402,revisit,346.8,8.0,1.17,Net,0.255,120851.96,508099.02,0.46,0.55,24
415,revisit,357.3,8.0,1.17,Styrofoam_Buoy,0.405,120851.93,508103.07,1.02,1.53,21
415,revisit,357.3,8.0,1.17,Styrofoam_Buoy,0.288,120855.33,508099.47,1.91,1.71,43
415,revisit,357.3,8.0,1.17,Styrofoam_Buoy,0.285,120851.37,508103.17,1.53,0.56,17
416,revisit,358.3,8.0,1.17,Styrofoam_Buoy,0.356,120852.39,508098.15,1.71,1.74,24
416,revisit,358.3,8.0,1.17,Styrofoam_Buoy,0.307,120849.98,508099.66,1.45,0.92,39
416,revisit,358.3,8.0,1.17,Styrofoam_Piece,0.289,120852.76,508100.94,0.47,0.71,41
416,revisit,358.3,8.0,1.17,Net,0.281,120851.98,508099.01,0.47,0.56,24
430,revisit,369.5,8.0,1.17,Styrofoam_Buoy,0.363,120860.84,508102.58,1.27,1.85,8
431,revisit,370.5,8.0,1.17,Styrofoam_Buoy,0.288,120857.10,508103.79,1.46,1.58,10
432,revisit,371.5,8.0,1.17,Styrofoam_Buoy,0.563,120860.68,508102.62,1.84,1.06,8
432,revisit,371.5,8.0,1.17,Styrofoam_Buoy,0.561,120858.05,508100.92,1.05,1.22,11
432,revisit,371.5,8.0,1.17,Styrofoam_Buoy,0.543,120852.83,508104.65,1.50,1.29,18
432,revisit,371.5,8.0,1.17,Styrofoam_Buoy,0.523,120857.09,508103.88,1.55,1.52,10
432,revisit,371.5,8.0,1.17,Styrofoam_Buoy,0.449,120854.73,508104.54,1.48,1.55,9
432,revisit,371.5,8.0,1.17,Styrofoam_Buoy,0.423,120853.35,508102.34,1.47,1.52,15
432,revisit,371.5,8.0,1.17,Styrofoam_Buoy,0.378,120860.84,508101.07,1.27,0.80,16
432,revisit,371.5,8.0,1.17,Styrofoam_Buoy,0.333,120857.06,508105.33,1.67,1.55,13
432,revisit,371.5,8.0,1.17,Styrofoam_Buoy,0.308,120855.83,508105.19,1.43,1.35,12
432,revisit,371.5,8.0,1.17,Styrofoam_Buoy,0.285,120853.54,508103.58,1.37,1.34,20
432,revisit,371.5,8.0,1.17,Styrofoam_Buoy,0.275,120854.23,508100.69,0.96,0.88,28
445,revisit,381.8,8.0,1.17,Styrofoam_Buoy,0.440,120860.83,508102.58,1.82,1.33,8
445,revisit,381.8,8.0,1.17,Styrofoam_Buoy,0.346,120863.34,508102.69,0.83,1.01,25
445,revisit,381.8,8.0,1.17,Styrofoam_Buoy,0.344,120863.15,508101.78,1.28,1.32,25
445,revisit,381.8,8.0,1.17,Plastic_ETC,0.301,120865.20,508100.82,1.07,1.26,6
445,revisit,381.8,8.0,1.17,Styrofoam_Buoy,0.262,120861.62,508101.13,1.43,2.25,16
446,revisit,382.8,8.0,1.17,Plastic_ETC,0.386,120865.21,508100.81,1.03,1.25,6
446,revisit,382.8,8.0,1.17,Plastic_Buoy,0.308,120863.49,508103.95,0.64,0.65,34
447,revisit,383.8,8.0,1.17,Plastic_ETC,0.358,120865.17,508100.93,1.26,0.58,6
453,coverage,388.8,20.0,2.93,Styrofoam_Piece,0.539,120860.81,508102.59,1.91,1.53,8
453,coverage,388.8,20.0,2.93,Styrofoam_Piece,0.504,120858.01,508100.92,1.08,1.32,11
453,coverage,388.8,20.0,2.93,Styrofoam_Piece,0.495,120870.43,508104.90,1.46,1.44,7
453,coverage,388.8,20.0,2.93,Styrofoam_Piece,0.397,120857.47,508103.86,1.65,0.74,10
453,coverage,388.8,20.0,2.93,Styrofoam_Piece,0.375,120858.34,508095.75,1.47,1.10,14
453,coverage,388.8,20.0,2.93,Styrofoam_Piece,0.367,120861.92,508099.52,1.16,1.48,19
453,coverage,388.8,20.0,2.93,Styrofoam_Buoy,0.366,120861.66,508101.13,1.36,2.20,16
453,coverage,388.8,20.0,2.93,Styrofoam_Piece,0.349,120857.43,508105.32,1.86,0.85,13
453,coverage,388.8,20.0,2.93,Styrofoam_Piece,0.325,120861.66,508101.16,1.36,2.16,16
453,coverage,388.8,20.0,2.93,Styrofoam_Piece,0.288,120863.03,508101.77,1.32,1.22,25
453,coverage,388.8,20.0,2.93,Styrofoam_Buoy,0.276,120864.11,508101.48,2.07,1.64,26
453,coverage,388.8,20.0,2.93,Styrofoam_Piece,0.263,120870.87,508103.79,1.65,1.46,32
454,coverage,389.8,20.0,2.93,Styrofoam_Piece,0.328,120870.45,508104.90,1.47,1.46,7
455,coverage,390.8,20.0,2.93,Styrofoam_Piece,0.298,120870.43,508104.87,1.50,1.42,7
468,coverage,403.1,20.0,2.93,Styrofoam_Piece,0.299,120870.51,508104.91,1.57,1.67,7
469,coverage,404.1,20.0,2.93,Styrofoam_Piece,0.432,120870.42,508104.93,1.48,1.50,7
469,coverage,404.1,20.0,2.93,Styrofoam_Piece,0.293,120870.85,508103.86,1.59,1.45,32
470,coverage,405.1,20.0,2.93,Styrofoam_Piece,0.524,120860.84,508102.64,1.91,1.40,8
471,coverage,406.1,20.0,2.93,Styrofoam_Piece,0.559,120860.84,508102.64,1.88,1.41,8
471,coverage,406.1,20.0,2.93,Styrofoam_Piece,0.554,120854.74,508104.58,1.49,1.58,9
471,coverage,406.1,20.0,2.93,Styrofoam_Piece,0.453,120857.11,508103.89,1.55,1.49,10
471,coverage,406.1,20.0,2.93,Styrofoam_Piece,0.389,120858.05,508100.93,1.05,1.29,11
471,coverage,406.1,20.0,2.93,PET_Bottle,0.324,120865.20,508100.85,0.90,1.29,6
471,coverage,406.1,20.0,2.93,Styrofoam_Piece,0.251,120855.75,508105.17,1.39,1.47,12
472,coverage,407.1,20.0,2.93,Styrofoam_Piece,0.542,120860.84,508102.64,1.88,1.36,8
472,coverage,407.1,20.0,2.93,Styrofoam_Piece,0.459,120854.72,508104.60,1.45,1.56,9
472,coverage,407.1,20.0,2.93,Styrofoam_Piece,0.416,120858.04,508100.93,1.04,1.28,11
472,coverage,407.1,20.0,2.93,Styrofoam_Piece,0.383,120857.11,508103.87,1.53,1.49,10
472,coverage,407.1,20.0,2.93,Styrofoam_Piece,0.311,120851.01,508103.45,1.50,1.59,17
473,coverage,408.1,20.0,2.93,Styrofoam_Piece,0.536,120854.74,508104.57,1.45,1.55,9
473,coverage,408.1,20.0,2.93,Styrofoam_Piece,0.526,120860.83,508102.66,1.89,1.34,8
473,coverage,408.1,20.0,2.93,Styrofoam_Piece,0.477,120844.49,508103.04,1.76,1.61,30
473,coverage,408.1,20.0,2.93,Styrofoam_Piece,0.455,120857.07,508103.87,1.53,1.49,10
473,coverage,408.1,20.0,2.93,Styrofoam_Piece,0.412,120858.05,508100.93,1.03,1.27,11
473,coverage,408.1,20.0,2.93,Styrofoam_Piece,0.399,120851.00,508103.45,1.45,1.51,17
473,coverage,408.1,20.0,2.93,Styrofoam_Buoy,0.347,120852.12,508104.59,1.65,2.77,18
473,coverage,408.1,20.0,2.93,Styrofoam_Piece,0.299,120857.11,508105.36,1.64,1.54,13
473,coverage,408.1,20.0,2.93,Styrofoam_Buoy,0.294,120857.07,508105.34,1.77,1.68,13
473,coverage,408.1,20.0,2.93,PET_Bottle,0.266,120865.21,508100.84,0.93,1.29,6
474,coverage,409.1,20.0,2.93,Styrofoam_Piece,0.524,120854.75,508104.59,1.45,1.55,9
474,coverage,409.1,20.0,2.93,Styrofoam_Piece,0.471,120858.03,508100.94,1.06,1.27,11
474,coverage,409.1,20.0,2.93,Styrofoam_Piece,0.451,120844.52,508103.05,1.76,1.60,30
474,coverage,409.1,20.0,2.93,Styrofoam_Piece,0.447,120857.08,508103.88,1.54,1.48,10
474,coverage,409.1,20.0,2.93,Styrofoam_Buoy,0.308,120852.13,508104.58,1.65,2.78,18
474,coverage,409.1,20.0,2.93,Styrofoam_Piece,0.303,120851.00,508103.45,1.46,1.51,17
474,coverage,409.1,20.0,2.93,Styrofoam_Piece,0.260,120855.75,508105.17,1.41,1.46,12
474,coverage,409.1,20.0,2.93,Styrofoam_Piece,0.251,120840.01,508100.79,0.92,1.24,31
475,coverage,410.1,20.0,2.93,Styrofoam_Piece,0.594,120854.75,508104.57,1.52,1.58,9
475,coverage,410.1,20.0,2.93,Styrofoam_Piece,0.450,120851.00,508103.45,1.48,1.54,17
475,coverage,410.1,20.0,2.93,Styrofoam_Piece,0.450,120844.51,508103.03,1.79,1.64,30
475,coverage,410.1,20.0,2.93,Styrofoam_Piece,0.379,120839.96,508100.79,0.93,1.22,31
475,coverage,410.1,20.0,2.93,Styrofoam_Buoy,0.363,120852.32,508104.60,1.66,2.39,18
475,coverage,410.1,20.0,2.93,Styrofoam_Buoy,0.342,120851.50,508104.57,1.63,1.57,18
475,coverage,410.1,20.0,2.93,Styrofoam_Piece,0.306,120853.38,508102.32,1.51,1.58,15
475,coverage,410.1,20.0,2.93,Styrofoam_Piece,0.304,120851.51,508104.56,1.62,1.56,18
475,coverage,410.1,20.0,2.93,Styrofoam_Piece,0.285,120852.00,508101.87,1.59,1.77,22
475,coverage,410.1,20.0,2.93,Styrofoam_Piece,0.273,120855.41,508105.17,1.69,0.99,12
476,coverage,411.1,20.0,2.93,Styrofoam_Piece,0.446,120844.51,508103.02,1.73,1.61,30
476,coverage,411.1,20.0,2.93,Styrofoam_Piece,0.360,120839.97,508100.79,0.90,1.23,31
476,coverage,411.1,20.0,2.93,Styrofoam_Piece,0.327,120849.98,508103.72,1.74,1.55,23
476,coverage,411.1,20.0,2.93,Styrofoam_Piece,0.280,120850.05,508103.85,1.38,1.36,23
477,coverage,412.1,20.0,2.93,Styrofoam_Piece,0.509,120844.51,508103.04,1.75,1.62,30
477,coverage,412.1,20.0,2.93,Styrofoam_Piece,0.500,120839.96,508100.79,0.96,1.21,31
477,coverage,412.1,20.0,2.93,Styrofoam_Buoy,0.428,120844.49,508103.03,1.74,1.58,30
477,coverage,412.1,20.0,2.93,Styrofoam_Piece,0.326,120844.03,508101.74,0.88,0.89,44
477,coverage,412.1,20.0,2.93,Styrofoam_Piece,0.280,120841.59,508099.91,1.73,1.88,45
478,coverage,413.1,20.0,2.93,Styrofoam_Piece,0.539,120839.97,508100.79,0.94,1.18,31
478,coverage,413.1,20.0,2.93,Styrofoam_Piece,0.445,120822.86,508113.55,1.33,0.95,46
479,coverage,414.1,20.0,2.93,Styrofoam_Piece,0.598,120822.84,508113.56,1.33,1.02,46
480,coverage,415.1,20.0,2.93,Styrofoam_Piece,0.502,120822.84,508113.55,1.30,0.99,46
481,coverage,416.1,20.0,2.93,Styrofoam_Piece,0.559,120822.83,508113.55,1.33,0.96,46
495,revisit,428.7,8.0,1.17,Styrofoam_Piece,0.420,120840.45,508102.53,0.73,0.67,47
495,revisit,428.7,8.0,1.17,Styrofoam_Buoy,0.367,120839.93,508100.78,0.94,1.10,31
495,revisit,428.7,8.0,1.17,Styrofoam_Buoy,0.269,120844.62,508102.98,1.75,1.74,30
496,revisit,429.7,8.0,1.17,Styrofoam_Piece,0.344,120840.43,508102.53,0.59,0.70,47
496,revisit,429.7,8.0,1.17,Styrofoam_Piece,0.314,120844.04,508101.73,0.76,0.84,44
496,revisit,429.7,8.0,1.17,Styrofoam_Buoy,0.305,120844.40,508102.87,1.51,1.28,30
497,revisit,430.7,8.0,1.17,Styrofoam_Piece,0.400,120840.46,508102.54,0.73,0.65,47
497,revisit,430.7,8.0,1.17,Styrofoam_Piece,0.252,120844.07,508101.71,0.87,0.87,44
509,revisit,440.3,8.0,1.17,Styrofoam_Piece,0.413,120840.44,508102.53,0.58,0.70,47
510,revisit,441.3,8.0,1.17,Styrofoam_Piece,0.292,120844.03,508101.70,0.84,0.85,44
510,revisit,441.3,8.0,1.17,Styrofoam_Buoy,0.274,120839.93,508100.78,1.08,0.89,31
510,revisit,441.3,8.0,1.17,Styrofoam_Piece,0.266,120840.42,508102.52,0.73,0.69,47
511,revisit,442.3,8.0,1.17,Net,0.576,120842.83,508098.00,0.56,0.58,48
511,revisit,442.3,8.0,1.17,Styrofoam_Piece,0.331,120844.02,508101.74,0.87,0.78,44
511,revisit,442.3,8.0,1.17,Styrofoam_Piece,0.304,120840.45,508102.54,0.73,0.65,47
517,coverage,447.3,20.0,2.93,Styrofoam_Piece,0.455,120844.61,508102.99,1.76,1.48,30
517,coverage,447.3,20.0,2.93,Styrofoam_Piece,0.449,120839.99,508100.81,1.09,1.21,31
517,coverage,447.3,20.0,2.93,Styrofoam_Piece,0.369,120851.50,508104.58,1.52,1.54,18
517,coverage,447.3,20.0,2.93,Styrofoam_Piece,0.358,120850.96,508103.41,1.54,1.48,17
517,coverage,447.3,20.0,2.93,Styrofoam_Piece,0.287,120849.88,508103.81,1.88,1.31,23
518,coverage,448.3,20.0,2.93,Styrofoam_Piece,0.591,120844.58,508102.99,1.71,1.35,30
518,coverage,448.3,20.0,2.93,Styrofoam_Piece,0.358,120839.98,508100.81,1.10,1.24,31
519,coverage,449.3,20.0,2.93,Styrofoam_Piece,0.579,120822.80,508113.52,1.30,0.89,46
520,coverage,450.3,20.0,2.93,Styrofoam_Piece,0.616,120822.80,508113.53,1.23,0.91,46
521,coverage,451.3,20.0,2.93,Styrofoam_Piece,0.621,120822.80,508113.51,1.30,0.91,46
522,coverage,452.3,20.0,2.93,Styrofoam_Piece,0.604,120822.80,508113.51,1.33,0.90,46
523,coverage,453.3,20.0,2.93,Styrofoam_Piece,0.560,120822.80,508113.53,1.31,0.95,46
526,coverage,455.5,20.0,2.93,Styrofoam_Piece,0.617,120822.80,508113.49,1.31,0.98,46
527,coverage,456.5,20.0,2.93,Styrofoam_Piece,0.587,120822.81,508113.49,1.36,0.97,46
528,coverage,457.5,20.0,2.93,Styrofoam_Piece,0.598,120822.81,508113.49,1.34,0.97,46
529,coverage,458.5,20.0,2.93,Styrofoam_Piece,0.548,120822.82,508113.50,1.34,0.98,46
