object_id,status,cls,x,y,lat,lon,w_m,h_m,n_views,cov_max,rv_max,revisited,first_frame
1,rejected,Styrofoam_Buoy,120849.00,508068.49,37.1683524,126.1088206,2.15,2.19,9,0.392,0.338,True,8
2,rejected,Plastic_Buoy,120849.61,508067.67,37.1683451,126.1088276,0.81,0.95,12,0.306,0.418,True,10
3,candidate,Net,120853.27,508070.16,37.1683678,126.1088686,0.45,0.49,1,0.000,0.298,False,56
4,rejected,Styrofoam_Buoy,120884.20,508091.25,37.1685605,126.1092145,1.74,2.93,2,0.335,-1.000,True,77
5,candidate,Net,120885.28,508090.61,37.1685548,126.1092268,0.58,0.44,1,0.000,0.332,False,116
6,rejected,Plastic_ETC,120865.22,508100.83,37.1686451,126.1089999,1.30,1.34,24,0.324,0.394,True,125
7,rejected,Styrofoam_Piece,120870.41,508104.93,37.1686825,126.1090579,1.57,1.71,15,0.495,0.392,True,125
8,confirmed,Styrofoam_Piece,120860.79,508102.58,37.1686605,126.1089498,1.93,1.86,26,0.559,0.563,False,126
9,confirmed,Styrofoam_Piece,120854.72,508104.57,37.1686780,126.1088812,1.60,1.61,28,0.603,0.533,False,127
10,confirmed,Styrofoam_Piece,120857.12,508103.86,37.1686718,126.1089083,1.66,1.60,25,0.535,0.556,False,127
11,confirmed,Styrofoam_Piece,120858.02,508100.90,37.1686452,126.1089188,1.28,1.33,27,0.553,0.570,False,127
12,confirmed,Styrofoam_Buoy,120855.75,508105.18,37.1686835,126.1088928,1.69,1.54,22,0.518,0.480,False,127
13,rejected,Styrofoam_Piece,120857.10,508105.34,37.1686851,126.1089080,1.86,1.68,14,0.441,0.333,True,127
14,rejected,Styrofoam_Piece,120858.39,508095.80,37.1685993,126.1089234,1.48,1.36,6,0.458,0.455,True,127
15,rejected,Styrofoam_Buoy,120853.39,508102.33,37.1686577,126.1088665,1.63,1.61,14,0.457,0.455,True,127
16,confirmed,Styrofoam_Buoy,120861.64,508101.17,37.1686479,126.1089595,2.24,2.26,20,0.409,0.575,True,127
17,rejected,Styrofoam_Buoy,120851.00,508103.42,37.1686673,126.1088395,1.57,1.66,19,0.471,0.421,True,128
18,confirmed,Styrofoam_Buoy,120852.08,508104.60,37.1686780,126.1088515,1.76,2.79,37,0.467,0.543,True,128
19,confirmed,Styrofoam_Buoy,120861.86,508099.46,37.1686326,126.1089622,1.42,1.50,12,0.431,0.518,True,128
20,rejected,Styrofoam_Buoy,120853.56,508103.56,37.1686688,126.1088683,1.50,1.44,8,0.432,0.324,True,128
21,rejected,Styrofoam_Buoy,120852.18,508103.20,37.1686654,126.1088528,1.65,1.57,8,0.385,0.405,True,128
22,rejected,Styrofoam_Buoy,120852.02,508101.82,37.1686530,126.1088511,1.67,1.84,9,0.383,0.398,True,128
23,rejected,Styrofoam_Piece,120849.95,508103.73,37.1686700,126.1088276,1.88,1.55,23,0.362,0.441,True,128
24,rejected,Styrofoam_Buoy,120852.16,508098.55,37.1686235,126.1088531,1.77,1.79,16,0.334,0.446,True,128
25,confirmed,Styrofoam_Buoy,120863.19,508102.29,37.1686582,126.1089769,1.36,1.38,20,0.304,0.504,True,128
26,rejected,Styrofoam_Buoy,120864.13,508101.32,37.1686495,126.1089875,2.07,1.74,10,0.291,0.446,True,128
27,rejected,Styrofoam_Piece,120851.60,508095.79,37.1685986,126.1088471,1.79,2.16,2,0.276,-1.000,True,128
28,rejected,Styrofoam_Buoy,120854.25,508100.70,37.1686431,126.1088764,1.04,0.96,7,0.264,0.370,True,128
29,rejected,Styrofoam_Buoy,120863.27,508105.14,37.1686838,126.1089775,2.24,2.18,3,0.262,0.294,True,128
30,confirmed,Styrofoam_Piece,120844.52,508103.01,37.1686631,126.1087666,1.80,1.74,21,0.591,0.324,False,129
31,confirmed,Styrofoam_Piece,120839.95,508100.79,37.1686427,126.1087154,1.10,1.24,19,0.539,0.367,False,130
32,rejected,Styrofoam_Piece,120870.84,508103.82,37.1686726,126.1090629,1.68,1.56,8,0.382,0.387,True,150
33,candidate,PET_Bottle,120865.30,508102.05,37.1686562,126.1090006,0.93,0.84,1,0.000,0.300,False,188
34,confirmed,Plastic_Buoy,120863.52,508104.00,37.1686736,126.1089804,0.66,0.65,2,0.000,0.542,False,189
35,candidate,Styrofoam_Buoy,120860.21,508098.32,37.1686222,126.1089438,1.53,1.43,1,0.000,0.396,False,203
36,candidate,Styrofoam_Buoy,120860.38,508103.87,37.1686722,126.1089450,1.07,1.06,1,0.000,0.304,False,203
37,candidate,Styrofoam_Buoy,120859.18,508097.59,37.1686155,126.1089322,1.34,1.40,2,0.000,0.270,False,216
38,candidate,Styrofoam_Buoy,120855.17,508103.21,37.1686658,126.1088864,0.90,1.03,1,0.000,0.275,False,244
39,candidate,Styrofoam_Buoy,120849.99,508099.67,37.1686334,126.1088286,1.46,0.92,2,0.000,0.307,False,289
40,candidate,Styrofoam_Buoy,120849.15,508101.37,37.1686487,126.1088189,1.49,1.13,3,0.000,0.392,False,344
41,candidate,Styrofoam_Piece,120852.78,508100.96,37.1686453,126.1088598,0.54,0.71,2,0.000,0.289,False,344
42,candidate,PET_Bottle,120845.89,508101.26,37.1686474,126.1087822,0.57,0.37,1,0.000,0.291,False,387
43,candidate,Styrofoam_Buoy,120855.33,508099.47,37.1686321,126.1088887,1.91,1.71,1,0.000,0.288,False,415
44,rejected,Styrofoam_Piece,120844.04,508101.73,37.1686515,126.1087613,0.88,0.89,5,0.326,0.331,True,477
45,rejected,Styrofoam_Piece,120841.59,508099.91,37.1686349,126.1087339,1.73,1.88,1,0.280,-1.000,True,477
46,confirmed,Styrofoam_Piece,120822.82,508113.52,37.1687559,126.1085211,1.36,1.02,13,0.621,-1.000,False,478
47,candidate,Styrofoam_Piece,120840.44,508102.53,37.1686584,126.1087207,0.73,0.70,6,0.000,0.420,False,495
48,confirmed,Net,120842.83,508098.00,37.1686178,126.1087481,0.56,0.58,1,0.000,0.576,False,511
