kind,cls,lat,lon,seen_frames,best_score,local_x_m,local_y_m
obstacle,person,37.3843097,126.6570822,14,0.94,-4.23,3.93
obstacle,person,37.3843022,126.6570845,23,0.94,-3.37,3.79
obstacle,person,37.3843090,126.6570732,15,0.94,-4.46,3.16
obstacle,person,37.3842611,126.6570558,16,0.83,-0.16,-0.32
obstacle,person,37.3843155,126.6570715,3,0.72,-5.19,3.30
obstacle,motorcycle,37.3842762,126.6571024,3,0.64,-0.10,4.13
obstacle,bicycle,37.3842357,126.6571358,37,0.59,5.19,5.11
litter,Styrofoam_Buoy,37.3842919,126.6571138,6,0.59,-1.31,5.74
litter,Plastic_Buoy,37.3842486,126.6570694,55,0.58,1.58,0.25
obstacle,chair,37.3842826,126.6570148,7,0.58,-3.77,-2.74
litter,Styrofoam_Buoy,37.3843097,126.6570773,8,0.57,-4.39,3.53
obstacle,chair,37.3842919,126.6571150,3,0.56,-1.27,5.83
litter,Styrofoam_Buoy,37.3842728,126.6571004,74,0.54,0.18,3.83
litter,Styrofoam_Buoy,37.3842892,126.6570057,7,0.54,-4.76,-3.20
litter,Styrofoam_Piece,37.3843034,126.6570850,9,0.51,-3.48,3.88
obstacle,bicycle,37.3842223,126.6571187,3,0.49,5.97,3.14
litter,Styrofoam_Buoy,37.3842818,126.6570618,22,0.48,-2.07,1.06
litter,Styrofoam_Buoy,37.3842791,126.6570064,3,0.41,-3.71,-3.58
litter,Styrofoam_Piece,37.3843100,126.6570932,3,0.41,-3.88,4.84
obstacle,umbrella,37.3842759,126.6570163,3,0.35,-3.03,-2.91
litter,Styrofoam_Buoy,37.3842744,126.6570974,8,0.33,-0.09,3.64
