box,t_s,seg,lat,lon,latlon_src,match_dist_m,frames_reg,frames_ext,sparse_pts,dense_pts,scale_src,gps_rms_m,det_frames_3d,L_cm,W_cm,H_cm,vol_med_L,vol_max_L,vol_mask_L,plane_tilt_deg,views_used,views_excluded,points_object,confidence,status,reason,viewer,mask_img
1,1.5,seg01_b01-02,37.3850415,126.6564419,3D(orbit_map),6.3,45,45,16398,304924,GPS,0.51,25,,,,,,,33.3,0,0,0,,부피 실패,"바닥 평면 틀어짐 33° (연석·경사, 뷰 0개 제외)",seg01_b01-02/viewer.html,
2,5.0,seg01_b01-02,37.3850484,126.6564667,video_map,,45,45,16398,304924,GPS,0.51,,,,,,,,,,,,,3D 탐지 없음,3D 탐지 물체와 위치 매칭 실패,seg01_b01-02/viewer.html,
3,27.0,seg02_b03,37.3851312,126.6562748,3D(orbit_map),4.2,40,40,12303,230617,GPS,0.28,13,,,,,,,29.9,0,13,0,,부피 실패,"바닥 평면 틀어짐 30° (연석·경사, 뷰 13개 제외)",seg02_b03/viewer.html,
4,47.6,seg03_b04-05,37.3851445,126.6561591,3D(orbit_map),2.1,47,58,9186,258699,GPS,1.49,4,148.3,70.5,59.5,283.1,293.3,,26.0,13,16,33395,"낮음(기울기 26°,GPS잔차 1.5m)",부피 OK(바닥 기울기 주의),바닥 평면 26° 기울어짐,seg03_b04-05/viewer.html,seg03_b04-05/objvol/cardboard box_4_masks.jpg
5,51.1,seg03_b04-05,37.3851548,126.656163,3D(orbit_map),6.1,47,58,9186,258699,GPS,1.49,3,,,,,,,0.0,3,8,0,,부피 실패,점 부족(물체 점 0),seg03_b04-05/viewer.html,seg03_b04-05/objvol/cardboard box_3_2_masks.jpg
6,79.6,seg04_b06,37.3850072,126.6560554,3D(orbit_map),1.6,15,40,5258,172876,고도(SRT),0.08,15,60.5,42.2,9.5,20.6,20.9,84.9,0.3,10,0,1301,높음,부피 OK,,seg04_b06/viewer.html,seg04_b06/objvol/cardboard box_15_masks.jpg
7,103.6,seg05_b07,37.3848489,126.6559105,3D(orbit_map),4.5,40,40,26453,80718,GPS,0.07,27,,,,,,,0.9,17,0,0,,부피 실패,점 부족(물체 점 0),seg05_b07/viewer.html,seg05_b07/objvol/cardboard box_27_masks.jpg
8,141.7,seg06_b08,37.3846372,126.6557005,3D(orbit_map),1.7,40,40,36253,272924,GPS,0.85,15,,,,,,,16.7,11,12,2,,부피 실패,objvol 오류,seg06_b08/viewer.html,seg06_b08/objvol/cardboard box_15_masks.jpg
9,162.2,seg07_b09,37.3845072,126.6555855,3D(orbit_map),1.9,23,40,1077,267463,GPS,0.08,13,46.8,39.8,41.5,71.0,72.2,,0.4,9,0,1370,높음,부피 OK,,seg07_b09/viewer.html,seg07_b09/objvol/cardboard box_13_masks.jpg
10,188.2,seg08_b10,37.3845026,126.6555283,3D(orbit_map),1.9,40,40,5019,294297,고도(SRT),0.27,14,5.3,1.3,4.5,0.0,0.0,,11.5,20,0,36,낮음(점 36),부피 OK(점 부족 주의),물체 점 36개뿐,seg08_b10/viewer.html,seg08_b10/objvol/cardboard box_14_masks.jpg
11,220.7,seg09_b11,37.3843111,126.6554271,3D(orbit_map),1.1,40,40,18870,303240,GPS,0.1,6,44.0,41.2,42.5,64.0,67.0,214.5,1.8,4,0,488,낮음(뷰 4),부피 OK,,seg09_b11/viewer.html,seg09_b11/objvol/cardboard box_6_masks.jpg
12,236.3,seg10_b12,37.3842719,126.6555059,3D(orbit_map),2.4,40,40,23984,404383,GPS,0.25,12,37.5,3.8,10.5,1.2,1.2,1.1,4.5,3,0,241,낮음(뷰 3),부피 OK,,seg10_b12/viewer.html,seg10_b12/objvol/cardboard box_12_masks.jpg
13,246.3,seg11_b13-14,37.3842242,126.6555726,3D(orbit_map),7.5,60,60,46017,551165,GPS,1.24,8,,,,,,,76.8,0,30,0,,부피 실패,"바닥 평면 틀어짐 77° (연석·경사, 뷰 30개 제외)",seg11_b13-14/viewer.html,
14,251.3,seg11_b13-14,37.3842198,126.6555771,3D(orbit_map),2.2,60,60,46017,551165,GPS,1.24,21,34.8,8.4,52.5,10.7,10.8,27.2,23.8,3,11,1060,"낮음(뷰 3,기울기 24°,GPS잔차 1.2m)",부피 OK(바닥 기울기 주의),바닥 평면 24° 기울어짐,seg11_b13-14/viewer.html,seg11_b13-14/objvol/cardboard box_21_masks.jpg
15,269.3,seg12_b15,37.3840681,126.6558039,3D(orbit_map),5.3,40,40,4847,348565,GPS,0.11,9,33.2,31.6,32.5,31.8,31.9,,4.1,6,0,248,중간,부피 OK,,seg12_b15/viewer.html,seg12_b15/objvol/cardboard box_9_masks.jpg
16,288.3,seg13_b16-17,37.3839912,126.6559117,3D(orbit_map),10.6,52,55,50080,327687,GPS,1.61,20,,,,,,,22.2,11,10,2,,부피 실패,"바닥 평면 틀어짐 22° (연석·경사, 뷰 10개 제외)",seg13_b16-17/viewer.html,seg13_b16-17/objvol/cardboard box_20_masks.jpg
17,291.3,seg13_b16-17,37.3839935,126.6558959,video_map,,52,55,50080,327687,GPS,1.61,,,,,,,,,,,,,3D 탐지 없음,3D 탐지 물체와 위치 매칭 실패,seg13_b16-17/viewer.html,
18,318.8,seg14_b18,37.3838806,126.6559434,3D(orbit_map),2.2,40,40,14411,107254,GPS,3.39,9,,,,,,,12.4,1,16,0,,부피 실패,점 부족(물체 점 0),seg14_b18/viewer.html,seg14_b18/objvol/cardboard box_9_masks.jpg
19,339.9,seg15_b19,37.3837047,126.6557683,3D(orbit_map),4.1,27,40,9398,368151,GPS,0.08,16,78.8,45.8,48.5,90.8,98.8,,3.5,8,0,442,높음,부피 OK,,seg15_b19/viewer.html,seg15_b19/objvol/cardboard box_16_masks.jpg
20,360.9,seg16_b20,37.3836241,126.6559312,3D(orbit_map),0.9,25,40,700,42045,GPS,0.16,24,,,,,,,10.3,0,0,0,,부피 실패,마스크 실패(SAM 마스크 없음),seg16_b20/viewer.html,
21,381.4,seg17_b21,37.3835034,126.6560998,3D(orbit_map),3.2,16,40,536,82940,GPS,0.05,15,43.2,39.1,34.5,43.6,46.0,,0.4,10,0,2776,높음,부피 OK,,seg17_b21/viewer.html,seg17_b21/objvol/cardboard box_15_masks.jpg
22,397.4,seg18_b22-23,37.3834456,126.6561912,3D(orbit_map),8.6,35,50,5249,192914,GPS,0.86,23,,,,,,,9.0,0,0,0,,부피 실패,마스크 실패(SAM 마스크 없음),seg18_b22-23/viewer.html,
23,399.4,seg18_b22-23,37.383463,126.6562271,video_map,,35,50,5249,192914,GPS,0.86,,,,,,,,,,,,,3D 탐지 없음,3D 탐지 물체와 위치 매칭 실패,seg18_b22-23/viewer.html,
24,434.5,seg19_b24,37.3835217,126.6564119,3D(orbit_map),2.8,40,40,48001,235136,GPS,1.02,25,61.1,50.9,65.5,122.7,126.9,205.8,8.6,15,3,1083,낮음(GPS잔차 1.0m),부피 OK,,seg19_b24/viewer.html,seg19_b24/objvol/cardboard box_25_masks.jpg
25,468.0,seg20_b25,37.3837025,126.6565313,video_map,,40,40,12008,519831,,,,,,,,,,,,,,,3D 탐지 없음,3D↔GPS 정합 실패(축척 NaN),seg20_b25/viewer.html,
26,491.0,seg21_b26,37.3839174,126.6566068,3D(orbit_map),4.8,28,40,4423,180985,GPS,0.05,4,,,,,,,6.5,0,28,0,,부피 실패,마스크 실패(SAM 마스크 없음),seg21_b26/viewer.html,
27,510.0,seg22_b27,37.3840127,126.6566381,3D(orbit_map),2.3,40,40,33971,485715,GPS,0.09,8,,,,,,,8.2,0,40,0,,부피 실패,마스크 실패(SAM 마스크 없음),seg22_b27/viewer.html,
28,531.0,seg23_b28,37.3841637,126.6566812,3D(orbit_map),1.1,40,40,45467,530880,GPS,0.06,26,,,,,,,4.2,0,40,0,,부피 실패,마스크 실패(SAM 마스크 없음),seg23_b28/viewer.html,
29,554.6,seg24_b29,37.3843509,126.6567482,3D(orbit_map),1.3,40,40,45446,553797,GPS,0.06,15,,,,,,,0.4,0,40,0,,부피 실패,마스크 실패(SAM 마스크 없음),seg24_b29/viewer.html,
30,573.6,seg25_b30,37.384518,126.6568087,3D(orbit_map),1.8,40,40,52043,145590,GPS,2.0,3,,,,,,,17.2,0,40,0,,부피 실패,마스크 실패(SAM 마스크 없음),seg25_b30/viewer.html,
