visit_order,stop_id,lat,lon,n_items,kg_est,kg_hi,max_item_kg_hi,crew,tools,bulk_m3,r95_m,buried_suspect,classes
1,S221,21.786985725295043,-160.20243924417844,6,36.11139823916739,43.64540498083942,20.80321008481707,1인,,0.39696440410482825,3.0,False,eps_buoy;plastic_buoy
2,S185,21.80582446331376,-160.19351068040143,2,4.987874975781397,6.913198655092405,5.599705218173028,1인,,0.07596673994043274,3.0,False,pet_bottle;plastic_buoy
3,S182,21.808231933357575,-160.19430769914769,9,14.439132320270822,33.851119220178234,8.12315740567584,1인,절단기,0.07556528306123896,3.0,False,eps_fragment;net;pet_bottle;plastic_buoy;plastic_other
4,S181,21.808344666609024,-160.1942915689889,2,0.65829341044051,1.0971556840675167,0.5989578593184329,1인,,0.0049870712912159845,3.0,False,pet_bottle
5,S183,21.808820674470617,-160.19386596384257,5,19.30323692927928,54.6052523671437,22.750055916825836,1인,절단기,0.06290018655717997,3.0,False,net;plastic_other
6,S184,21.809180348205572,-160.19357560715932,2,1.31364825091441,3.73644638435204,3.0940652656560452,1인,,0.00678749575796094,3.0,False,pet_bottle;plastic_other
7,S186,21.80955219501029,-160.19335144338285,4,5.520134836142065,8.007997523787418,4.768908812464097,1인,,0.0743344906618163,3.0,False,pet_bottle;plastic_buoy
8,S187,21.81641233210944,-160.19011102240185,14,40.919650986614066,76.97834494134709,10.504733714058995,1인,절단기,0.3691258190306859,3.0,False,eps_buoy;eps_fragment;net;pet_bottle;plastic_buoy;plastic_other
9,S188,21.820581818808886,-160.18773126786672,3,1.8780059959963182,5.3774387495735505,3.7653224062210775,1인,,0.009812688563005807,3.0,False,eps_fragment;pet_bottle;plastic_other
10,S189,21.823950564703388,-160.18613167875952,2,5.032776191877,7.79950321455167,5.984278283358887,1인,,0.07707250970597705,3.0,False,plastic_buoy;plastic_other
11,S190,21.82521846343006,-160.1853022028267,7,17.03457311094023,32.181681333641976,10.638570335136675,1인,절단기,0.16172691346587165,3.0,False,net;pet_bottle;plastic_buoy
12,S193,21.82996532960421,-160.1820724063948,3,1.0571978231486692,2.71494248168634,1.905892219543782,1인,,0.006059866465986808,3.0,False,pet_bottle;plastic_other
13,S192,21.830328084309325,-160.18231304045688,12,23.112832901507144,54.03881293519201,22.745260447815955,1인,,0.19055181814907068,3.0,False,eps_fragment;glass;pet_bottle;plastic_buoy;plastic_other
14,S194,21.83068592449353,-160.181918074769,32,50.69850416726342,95.93741934421702,9.340902053968708,1인,절단기,0.5723131816385469,3.0,False,eps_fragment;net;pet_bottle;plastic_buoy;plastic_other
15,S191,21.833041235081904,-160.180011166655,4,2.798343596191883,9.327811987306276,3.4167213254934414,1인,,0.011659764984132846,3.0,False,plastic_other
16,S195,21.83395916141165,-160.17958127022695,2,3.7096047224527955,9.963160170199185,7.206566713930404,1인,절단기,0.011132746315195072,3.0,False,net;plastic_other
17,S196,21.835012925009853,-160.1788754981786,6,21.761577250468616,26.64797082319376,22.060912323895877,1인,,0.17229255204002317,3.0,False,eps_buoy;eps_fragment;pet_bottle
18,S203,21.835189830078455,-160.17867537554312,1,1.3655256280019223,4.551752093339742,4.551752093339742,1인,,0.005689690116674677,3.0,False,plastic_other
19,S204,21.83551341979174,-160.17859900002026,8,11.230401671941943,19.872101310010066,5.442783774376843,1인,,0.06939989258126607,3.0,False,glass;pet_bottle;plastic_buoy;plastic_other
20,S205,21.835772673232047,-160.1783236348976,8,9.512933729574568,21.464172428406055,9.236243352295542,1인,,0.07883399795669077,3.0,False,pet_bottle;plastic_buoy;plastic_other
21,S206,21.83587159230853,-160.17817605622298,14,14.496569159997772,30.497448955441286,10.813347886002601,1인,절단기,0.12374065231204799,3.0,False,eps_fragment;net;pet_bottle;plastic_buoy;plastic_other
22,S197,21.836283367784105,-160.17768015223783,2,15.237500818619909,49.69220117357222,48.592732951744736,2인,,0.06573849901616947,3.0,False,pet_bottle;plastic_other
23,S198,21.83639263108798,-160.17757715154715,2,8.30101874658048,21.022868549361682,19.941581817719758,1인,절단기,0.022892950703030625,3.0,False,eps_fragment;net
24,S200,21.83718792372032,-160.17709285895114,4,4.90757589043406,15.67397580449526,11.41502470221714,1인,,0.021848572529664143,3.0,False,pet_bottle;plastic_other
25,S199,21.837493613697756,-160.17715919268898,17,21.4191503074279,40.5562487435852,6.2357349564369215,1인,절단기,0.1729809723231838,3.0,False,glass;net;pet_bottle;plastic_buoy;plastic_other
26,S201,21.837855384696475,-160.1769601432215,18,22.541936874673947,43.17348348948378,15.097626163985918,1인,,0.22124158152501722,3.0,False,eps_fragment;glass;pet_bottle;plastic_buoy;plastic_other
27,S202,21.838029280528897,-160.17686712149734,7,13.591212629001863,24.331201910414798,7.551914603905177,1인,절단기,0.092643217458174,3.0,False,glass;net;pet_bottle;plastic_buoy;plastic_other
28,S210,21.842517256518104,-160.17364265271945,6,3.7739158178476546,7.6274041763790175,1.7179869012833868,1인,,0.02609366042569838,3.0,False,eps_fragment;pet_bottle;plastic_other
29,S212,21.843350031707615,-160.17338111105826,3,2.641094003389939,8.290968623385767,3.925060652446803,1인,,0.012053218004554956,3.0,False,pet_bottle;plastic_other
30,S208,21.843359525500176,-160.17371653207616,38,94.86677453543813,246.39393929570835,47.40263266227955,2인,절단기,0.6832864122099561,3.0,False,eps_fragment;glass;net;pet_bottle;plastic_buoy;plastic_other
31,S207,21.843509502666805,-160.17385159520887,4,5.922614963272487,10.395692970194663,3.9758868128853884,1인,,0.06594947713878661,3.0,False,glass;plastic_buoy;plastic_other
32,S209,21.84373637528903,-160.17360422951185,30,37.85214895770116,73.29820267949349,8.473178127039827,1인,절단기,0.3689739081024948,3.0,False,eps_fragment;glass;net;pet_bottle;plastic_buoy;plastic_other
33,S211,21.843820400151923,-160.17338964051308,25,46.00594936216844,86.77551370167185,8.46736948594463,1인,절단기,0.5785229826412571,3.0,False,eps_fragment;net;pet_bottle;plastic_buoy;plastic_other
34,S213,21.84396713675914,-160.17336786488116,10,21.439870094983632,40.10728882264948,7.173033681285483,1인,절단기,0.2598511175784404,3.0,False,net;pet_bottle;plastic_buoy;plastic_other
35,S215,21.844283761385586,-160.17283363863382,1,0.8829178471157081,1.4715297451928468,1.4715297451928468,1인,,0.006688771569058395,3.0,False,pet_bottle
36,S214,21.844866900120213,-160.173233081071,2,0.27706479619503416,0.923549320650114,0.5218585213054046,1인,,0.0013853239809751708,3.0,False,eps_fragment
37,S218,21.845141079283596,-160.173256327612,6,12.11147884680781,24.702568207307962,8.340539185231298,1인,절단기,0.128834093411009,3.0,False,net;pet_bottle;plastic_buoy;plastic_other
38,S216,21.84660204807387,-160.1724428163021,1,2.4699905095428583,3.528557870775512,3.528557870775512,1인,,0.004116650849238097,3.0,False,glass
39,S217,21.84709397003354,-160.17186726766192,17,19.562255357220668,36.36820456759527,9.119601199060808,1인,절단기,0.20947370395488804,3.0,False,glass;net;pet_bottle;plastic_buoy;plastic_other
40,S219,21.847286936035726,-160.17162739397025,34,58.873789388285985,99.37427168162013,7.523704471595692,1인,절단기,0.6925728070012628,3.0,False,eps_fragment;glass;net;pet_bottle;plastic_buoy;plastic_other
41,S220,21.847398524411727,-160.17154097652093,3,2.863065367225943,4.859274695824483,2.4995281438351036,1인,,0.03727498329051311,3.0,False,pet_bottle;plastic_buoy;plastic_other
42,S226,21.848921727812563,-160.1702807263241,7,3.9071761761069093,9.259727844954124,2.2815448039058763,1인,,0.014670183216763808,3.0,False,eps_fragment;glass;pet_bottle;plastic_other
43,S231,21.849375641599245,-160.16984833013245,1,0.3073005154530632,0.5121675257551053,0.5121675257551053,1인,,0.0023280342079777514,3.0,False,pet_bottle
44,S230,21.849521138964636,-160.16977700956505,19,27.69865163412501,77.28773771435849,24.839933813331783,2인,절단기,0.1144355888392716,3.0,False,eps_fragment;net;pet_bottle;plastic_other
45,S232,21.84968072536633,-160.16961795938917,6,3.163010642438742,8.528673447673434,2.5944016569916855,1인,,0.017300178792911736,3.0,False,pet_bottle;plastic_other
46,S233,21.84976854799262,-160.16951149578605,11,19.64791176382912,34.11985195682392,6.496605392934,1인,,0.2323887027092376,3.0,False,glass;pet_bottle;plastic_buoy;plastic_other
47,S234,21.849797123529306,-160.1692248844148,4,1.6196408712531107,3.1119578841301143,0.9394030073405913,1인,,0.011426141171226362,3.0,False,pet_bottle;plastic_other
48,S235,21.850404790441306,-160.1685041437652,18,65.74960257973389,92.82422251515682,26.156678371001767,2인,,0.5873866348369894,3.0,False,eps_buoy;eps_fragment;pet_bottle;plastic_buoy;plastic_other
49,S227,21.85143863464053,-160.1680120609799,4,1.6292487715341841,3.6088974346623015,1.4641066723745577,1인,,0.0106509041719723,3.0,False,eps_fragment;pet_bottle;plastic_other
50,S228,21.852988136928353,-160.16781133451317,2,2.9320418060701123,9.270140068371683,8.766807449842993,1인,,0.013246384851070516,3.0,False,pet_bottle;plastic_other
51,S229,21.853359225250124,-160.16714031854218,2,1.3502795689233018,2.250465948205503,1.4698370620463312,1인,,0.010229390673661376,3.0,False,pet_bottle
52,S240,21.855986771554527,-160.16597711309834,11,9.823169664873335,25.60695414055359,9.213515548111578,1인,절단기,0.0368075232869617,3.0,False,eps_fragment;net;pet_bottle;plastic_other
53,S241,21.856080445750912,-160.1658598554131,35,96.39660304291246,180.43659506948364,30.297573096089756,2인,절단기,1.152687047875714,3.0,False,eps_fragment;net;pet_bottle;plastic_buoy;plastic_other
54,S242,21.856846166337494,-160.1653007508827,11,12.103254687881208,21.59672764622252,6.473884087355048,1인,절단기,0.13450721389291195,3.0,False,eps_fragment;net;pet_bottle;plastic_buoy;plastic_other
55,S236,21.857062207262388,-160.1650973225032,5,4.78068880449214,7.8056675452690465,4.001521717715946,1인,,0.06192802953956512,3.0,False,eps_fragment;pet_bottle;plastic_buoy;plastic_other
56,S237,21.857210730147155,-160.1649330579433,7,11.78758092380498,22.819582941538705,6.849299930044686,1인,절단기,0.13158218343112923,3.0,False,eps_fragment;net;pet_bottle;plastic_buoy;plastic_other
57,S238,21.85754514594405,-160.16463382371992,14,13.79125546389308,36.308416296065076,12.77826394129017,1인,절단기,0.0609823333126552,3.0,False,eps_fragment;net;pet_bottle;plastic_other
58,S239,21.857666319493486,-160.1645460352458,2,0.5336252767307474,1.778750922435825,1.5809638030531714,1인,,0.0022728854328904445,3.0,False,eps_fragment;plastic_other
59,S243,21.859668347126522,-160.1635745023612,8,4.499676862918011,13.384292550372379,2.623671951103658,1인,,0.022223424057298213,3.0,False,eps_fragment;pet_bottle;plastic_other
60,S244,21.860240195324543,-160.16283121331628,1,0.11816954213621245,0.3938984737873749,0.3938984737873749,1인,,0.0005908477106810622,3.0,False,eps_fragment
61,S245,21.860335610727386,-160.1627449467007,7,2.5934187750859277,5.731769074980364,2.8188088996743,1인,,0.01676423919416589,3.0,False,pet_bottle;plastic_other
62,S251,21.8606000165413,-160.16256767686573,6,3.3451749986831434,8.891113124010216,3.3937313497072283,1인,,0.0185598727621803,3.0,False,pet_bottle;plastic_other
63,S253,21.861183561266905,-160.16227931284928,5,2.084572562973482,5.217724408599134,2.16542369518913,1인,,0.012556458129462131,3.0,False,eps_fragment;pet_bottle;plastic_other
64,S250,21.861541236572062,-160.16283422079806,6,13.204466585925683,31.071276213046243,9.771422853247996,1인,절단기,0.08585194756939682,3.0,False,eps_fragment;net;plastic_buoy;plastic_other
65,S252,21.861624438993356,-160.16249329794073,10,11.566675309177462,31.196642755671096,7.627597877265323,1인,,0.08999412261703951,3.0,False,eps_fragment;pet_bottle;plastic_buoy;plastic_other
66,S246,21.86183339046463,-160.16195009676275,14,19.604647722703746,38.809965380419605,13.255226664783828,1인,절단기,0.12972713989919288,3.0,False,eps_fragment;pet_bottle;plastic_buoy;plastic_other;rope
67,S254,21.862001718092596,-160.1621664663744,3,7.572051273696222,9.513398069016766,8.20527278781077,1인,,0.059399097436484374,3.0,False,eps_buoy;eps_fragment
68,S247,21.86311333571634,-160.16156087475218,20,36.917493481434605,72.28191543453809,12.823551184489528,1인,절단기,0.4380397987062826,3.0,False,eps_fragment;net;pet_bottle;plastic_buoy;plastic_other
69,S248,21.862827877590846,-160.16114990420908,2,1.2458017056157327,3.212799936819624,2.2729275215868054,1인,,0.007113306743950863,3.0,False,pet_bottle;plastic_other
70,S264,21.863020617082647,-160.16077994286638,4,11.393807432631249,14.635568751842415,7.741156211526521,1인,,0.14077196852482274,3.0,False,eps_buoy;eps_fragment;plastic_buoy
71,S249,21.86330758257764,-160.16099310506993,2,1.786447256073958,5.954824186913195,3.883075606647796,1인,,0.007443530233641492,3.0,False,plastic_other
72,S261,21.863584676814497,-160.16028520029468,34,43.69787172081494,80.1571873546763,12.470273701967933,1인,절단기,0.441399715158284,3.0,False,eps_buoy;eps_fragment;net;pet_bottle;plastic_buoy;plastic_other
73,S263,21.86373887022819,-160.1599790059143,16,17.69619532010292,39.469304390124414,8.328834663571348,1인,절단기,0.12127867901765782,3.0,False,eps_buoy;eps_fragment;net;pet_bottle;plastic_buoy;plastic_other
74,S262,21.863852255526943,-160.16026013373965,9,5.269650987651769,12.47824127434824,2.333177478409211,1인,,0.0470762128936803,3.0,False,eps_fragment;pet_bottle;plastic_buoy;plastic_other
75,S265,21.86422426446787,-160.16008916561873,16,26.19416995686285,43.48469315295372,7.228600424025695,1인,절단기,0.3676572436800012,3.0,False,eps_fragment;net;pet_bottle;plastic_buoy;plastic_other
76,S266,21.86433881206461,-160.15945441864346,16,16.947823801024544,45.14597563099735,7.789780604554552,1인,절단기,0.12023930915292762,3.0,False,eps_fragment;net;pet_bottle;plastic_buoy;plastic_other
77,S255,21.864975989126055,-160.15888020091126,7,14.754307721081496,27.096839529608523,9.811754301992986,1인,절단기,0.17134866684278643,3.0,False,net;pet_bottle;plastic_buoy;plastic_other
78,S258,21.86520906355738,-160.15832397739987,8,6.227241994379963,15.45165280260167,7.162432484329967,1인,절단기,0.02772746929119739,3.0,False,eps_fragment;net;pet_bottle;plastic_other
79,S256,21.865312498043984,-160.1583789358771,18,24.91865322015762,48.86060888774926,5.620617833108668,1인,절단기,0.252432242088064,3.0,False,eps_fragment;glass;net;pet_bottle;plastic_buoy;plastic_other
80,S257,21.865430439826785,-160.15817027312875,60,65.42949093533238,168.89827385935314,45.273193851332636,2인,,0.5418748832175339,3.0,False,eps_fragment;pet_bottle;plastic_buoy;plastic_other
81,S260,21.865531104134536,-160.1579854240509,1,0.8346889608741037,1.3911482681235063,1.3911482681235063,1인,,0.00632340121874321,3.0,False,pet_bottle
82,S259,21.865915126237716,-160.1580661379429,1,1.0921162778093292,3.6403875926977642,3.6403875926977642,1인,,0.0045504844908722045,3.0,False,plastic_other
83,S269,21.8658149221762,-160.157634679321,26,25.394607600015366,47.608676654166146,5.156847757817194,1인,,0.30883406247902034,3.0,False,eps_fragment;pet_bottle;plastic_buoy;plastic_other
84,S267,21.8663166164032,-160.15704269063494,1,0.8013709567861433,1.335618261310239,1.335618261310239,1인,,0.006070992096864722,3.0,False,pet_bottle
85,S268,21.866420834394408,-160.15692548207375,7,7.447563621186795,23.051421502486374,6.592455558336905,1인,,0.035355396615321624,3.0,False,eps_fragment;pet_bottle;plastic_other
86,S273,21.866781444353975,-160.15655652944443,17,7.387879471252596,18.357300151553353,2.743149748803106,1인,,0.044202703413249486,3.0,False,eps_fragment;pet_bottle;plastic_other
87,S270,21.867333360471427,-160.1556952821305,17,61.85287152001495,158.5706987400876,59.21262257827124,장비,,0.5529806469511754,3.0,False,eps_fragment;pet_bottle;plastic_buoy;plastic_other
88,S271,21.867704847206763,-160.15482950769731,22,70.60209407936505,107.36639149199954,16.895068161791272,1인,절단기,0.993665749346128,3.0,False,eps_buoy;eps_fragment;net;pet_bottle;plastic_buoy;plastic_other
89,S272,21.867757179540234,-160.1546913732499,1,0.11003155877738227,0.36677186259127426,0.36677186259127426,1인,,0.0005501577938869113,3.0,False,eps_fragment
90,S274,21.87230112409941,-160.14544166590815,2,0.35942606995409887,1.1980868998469965,0.6607022473813229,1인,,0.0017971303497704943,3.0,False,eps_fragment
91,S275,21.87287250605075,-160.14495007070386,3,16.60944422303788,19.38454506157967,18.104426131236657,1인,,0.13254970532930663,3.0,False,eps_buoy;pet_bottle
92,S277,21.873160053737255,-160.14336164707922,15,47.053912746676566,70.93463426337497,8.644950655747932,1인,절단기,0.7042225930948309,3.0,False,eps_fragment;net;pet_bottle;plastic_buoy;plastic_other
93,S276,21.87329878788257,-160.14266451714826,8,50.9855997901417,61.50879273522353,40.558620827756286,2인,,0.5072718618521169,3.0,False,eps_buoy;eps_fragment;plastic_buoy
94,S278,21.873564040793873,-160.14103697718937,7,41.421386524018004,62.015876319993424,21.575688724193675,1인,절단기,0.3271412605778808,3.0,False,eps_buoy;eps_fragment;plastic_buoy;plastic_other;rope
95,S280,21.87693334864815,-160.12766267929325,12,59.198643163967084,107.24691443958471,26.16875448632687,2인,절단기,0.4140646488240918,3.0,False,eps_buoy;net;plastic_buoy;plastic_other
96,S281,21.877284851351202,-160.1275416040084,16,57.12818977957171,126.21070297001515,16.786321210834263,1인,절단기,0.38834020038644357,3.0,False,eps_fragment;net;plastic_buoy;plastic_other
97,S279,21.877444631371848,-160.12743136822115,45,189.74642053056337,396.96166593630136,44.04246186316764,2인,절단기,1.1087926557081824,3.0,False,net;pet_bottle;plastic_buoy;plastic_other;rope
98,S282,21.878049887223955,-160.1253733565524,1,21.21387011189375,24.24442298502143,24.24442298502143,2인,,0.16971096089515,3.0,False,eps_buoy
99,S283,21.87714164768346,-160.1247108353831,3,7.671922018913145,20.234530057332385,8.818516558976484,1인,절단기,0.02235696373519086,3.0,False,net;plastic_other
100,S284,21.879544680980707,-160.11442272280865,1,3.3113492320692224,8.278373080173056,8.278373080173056,1인,절단기,0.00883026461885126,3.0,False,net
101,S286,21.88120386158286,-160.11023636023106,4,10.645980389937186,17.991830363616433,9.127706575395232,1인,,0.07497410076304312,3.0,False,eps_buoy;plastic_other
102,S285,21.88092924517762,-160.10999098694933,7,25.423139820357626,64.20482285761027,25.441884213738007,2인,절단기,0.20456486999406728,3.0,False,net;plastic_buoy;plastic_other
103,S288,21.885280831730572,-160.09768131099696,1,0.244578276429218,0.8152609214307267,0.8152609214307267,1인,,0.00122289138214609,3.0,False,eps_fragment
104,S287,21.885186014690408,-160.0974227406923,1,3.72885062282745,4.9718008304366,4.9718008304366,1인,,0.0621475103804575,3.0,False,plastic_buoy
105,S289,21.8902758500681,-160.08875146381246,1,0.17182039637520855,0.28636732729201425,0.28636732729201425,1인,,0.0013016696695091557,3.0,False,pet_bottle
106,S290,21.89039426374811,-160.08838172823874,10,30.570239261585918,51.2810264349548,7.958230113701389,1인,절단기,0.40262249204118555,3.0,False,eps_fragment;net;plastic_buoy;plastic_other
107,S291,21.89346067031341,-160.08160159080734,2,6.057247051109661,16.719404769291224,10.414256203222932,1인,절단기,0.018989975657689825,3.0,False,net;plastic_other
108,S292,21.8941121735882,-160.08086262404686,2,1.5356394790444607,4.284779530068175,3.4507607966548126,1인,,0.008104445238606522,3.0,False,pet_bottle;plastic_other
109,S084,21.91163399384604,-160.07810500058685,2,1.1987397727640823,3.1403994349972293,2.2849996274475175,1인,,0.0067444304777171775,3.0,False,pet_bottle;plastic_other
110,S083,21.912460039686856,-160.07861124475747,10,34.48338684397879,61.00854171829407,9.845237292947061,1인,절단기,0.4379279455011254,3.0,False,net;plastic_buoy;plastic_other
111,S082,21.916614354268024,-160.08046970968604,4,2.828259190626292,7.431210684039527,3.4080561205865023,1인,,0.015867795013011,3.0,False,pet_bottle;plastic_other
112,S081,21.9167713773395,-160.0804881250805,6,19.602506797101835,37.91475089901596,15.838026279523534,1인,절단기,0.10189856705511753,3.0,False,eps_buoy;net;pet_bottle;plastic_other
113,S088,21.918553753135114,-160.08106029770198,2,1.2155159740521593,4.051719913507198,2.1283051801923563,1인,,0.0055455035752127076,3.0,False,eps_fragment;plastic_other
114,S086,21.921814909416995,-160.0818973349342,1,0.09382677464069536,0.31275591546898457,0.31275591546898457,1인,,0.00046913387320347675,3.0,False,eps_fragment
115,S087,21.923140166323513,-160.0821859041659,2,1.139529155680791,1.899215259467985,1.2611464025672439,1인,,0.008632796633945386,3.0,False,pet_bottle
116,S085,21.92365683074877,-160.08231490735113,6,10.144495677133815,17.920888870765868,6.554826123906299,1인,,0.1371179329285609,3.0,False,eps_fragment;pet_bottle;plastic_buoy;plastic_other
117,S089,21.924298885978885,-160.0825839731537,7,9.307382649822594,16.02421349040932,4.602766544914777,1인,,0.11460694151945246,3.0,False,pet_bottle;plastic_buoy;plastic_other
118,S090,21.930133890214325,-160.0827034485902,3,12.733075507593732,19.96280627984188,11.173063020588259,1인,,0.09271072219442902,3.0,False,eps_buoy;pet_bottle;plastic_other
119,S091,21.930875939177767,-160.08257116644933,2,4.529801472516569,6.264106229815084,5.890154674604543,1인,,0.07418786076537259,3.0,False,eps_fragment;plastic_buoy
120,S092,21.932167394678885,-160.08205528213355,3,8.512990773984452,22.77311192290277,10.967811817871413,1인,절단기,0.025384451708920154,3.0,False,net;plastic_other
121,S093,21.9383196571516,-160.08035967577482,1,3.9716295685179577,5.295506091357279,5.295506091357279,1인,,0.06619382614196596,3.0,False,plastic_buoy
122,S094,21.94116202707432,-160.0798586663024,4,1.379944753465436,2.5544467092709593,0.9221886875359965,1인,,0.010060748795094004,3.0,False,eps_fragment;pet_bottle
123,S095,21.9434357714297,-160.07899653762496,5,11.639913903174893,23.308067547462382,7.6576660096509395,1인,절단기,0.10479394091813339,3.0,False,net;pet_bottle;plastic_buoy;plastic_other
124,S096,21.944048347067728,-160.07878013318253,2,1.5004851429643802,5.001617143214601,2.694000998497468,1인,,0.0062520214290182514,3.0,False,plastic_other
125,S098,21.94431500615147,-160.07862690774346,2,4.9013580020149945,15.428406782772788,14.518953558828922,1인,,0.022282570239190082,3.0,False,pet_bottle;plastic_other
126,S097,21.94443279909062,-160.07856817095993,11,14.67381474140274,27.247959491503263,6.241904048181644,1인,,0.19421870930989749,3.0,False,eps_fragment;pet_bottle;plastic_buoy;plastic_other
127,S099,21.947363897584626,-160.07762167377086,3,2.8039391557950983,6.864584093013979,5.808158035577333,1인,절단기,0.009442299222637831,3.0,False,eps_fragment;net;pet_bottle
128,S109,21.95027199777163,-160.07684776607164,4,10.458201234419356,15.419338721312178,6.0805906059292925,1인,,0.11878692099403505,3.0,False,eps_buoy;eps_fragment;plastic_buoy;plastic_other
129,S100,21.952348566340216,-160.0765288446078,7,13.018604549345303,28.18597759486026,8.24833904815097,1인,절단기,0.10420349160720402,3.0,False,net;pet_bottle;plastic_buoy;plastic_other
130,S101,21.9525583613944,-160.0765002387247,8,36.80725259278296,78.09494373940036,37.173276714401545,2인,절단기,0.07494959947987197,3.0,False,net;plastic_other;rope
131,S102,21.95280718696435,-160.07639820768574,14,58.45327712065311,109.99236916540899,31.92871831537752,2인,절단기,0.36698722592487265,3.0,False,eps_buoy;net;pet_bottle;plastic_buoy;plastic_other
132,S103,21.953028210708275,-160.0763808569082,4,4.881339690830553,16.271132302768514,5.345716627337991,1인,,0.020338915378460637,3.0,False,plastic_other
133,S104,21.953189312676823,-160.07635451475448,27,58.061089470720816,144.59451920808638,14.797858407146542,1인,절단기,0.24467019987796312,3.0,False,net;pet_bottle;plastic_buoy;plastic_other;rope
134,S105,21.953562534816886,-160.07634692864463,32,124.45615652670752,232.0068951369442,33.82872029073592,2인,절단기,0.7143446245788174,3.0,False,eps_buoy;net;pet_bottle;plastic_buoy;plastic_other;rope
135,S106,21.953775684229466,-160.07629473502678,29,66.61810470671819,151.0753903183805,13.958265928751647,1인,절단기,0.5090026922402517,3.0,False,eps_fragment;net;pet_bottle;plastic_buoy;plastic_other
136,S108,21.954036596188967,-160.07624372928936,21,39.842973751597185,86.7791101035032,14.259970481420863,1인,절단기,0.3105550819045183,3.0,False,eps_fragment;net;pet_bottle;plastic_buoy;plastic_other
137,S107,21.954182304028972,-160.07622885195968,23,59.47771429187611,100.97572202652553,6.929750943483103,1인,절단기,0.7370401186724501,3.0,False,net;pet_bottle;plastic_buoy;plastic_other
138,S110,21.954775055420136,-160.075865921292,26,30.94310047730827,56.5119226146231,5.203044931555682,1인,,0.378295409277362,3.0,False,pet_bottle;plastic_buoy;plastic_other
139,S111,21.95635686117344,-160.07480150260744,4,5.0217187317564695,9.132180356778271,2.6125895890836404,1인,,0.06846684106404756,3.0,False,plastic_buoy;plastic_other
140,S112,21.956560313229538,-160.07439436195875,9,7.559937422811575,21.58410891810815,6.476952738763005,1인,절단기,0.03145478999664127,3.0,False,eps_fragment;net;pet_bottle;plastic_other
141,S115,21.958279965239324,-160.07265888833018,18,18.179709156832818,35.56507384461573,8.039354753540335,1인,절단기,0.15588668637374203,3.0,False,eps_fragment;net;pet_bottle;plastic_buoy;plastic_other
142,S116,21.95831943527287,-160.07251917191323,12,12.351360296188911,22.570707742862655,8.196254288263152,1인,절단기,0.09784856237435462,3.0,False,net;pet_bottle;plastic_buoy
143,S117,21.958284178836227,-160.07219781896853,15,24.458363107055302,55.02379714337474,24.59876297607841,2인,절단기,0.22677459204972636,3.0,False,eps_fragment;net;pet_bottle;plastic_buoy;plastic_other
144,S118,21.958526202386874,-160.0722018689285,5,12.274195281610195,23.442938082007586,9.921328396083615,1인,절단기,0.13371428783154976,3.0,False,net;plastic_buoy;plastic_other
145,S119,21.9588394304538,-160.07183886413682,5,9.455586011652516,15.596997487790139,5.6399946813592985,1인,,0.13686726906635346,3.0,False,pet_bottle;plastic_buoy;plastic_other
146,S120,21.958995492450995,-160.07135211435565,2,1.3921728637292372,4.6405762124307905,4.333514232826971,1인,,0.005877485760439443,3.0,False,eps_fragment;plastic_other
147,S114,21.961369380705026,-160.07018183251904,7,9.84157642538584,15.508477961969337,4.233810540551669,1인,,0.12700137282337923,3.0,False,pet_bottle;plastic_buoy;plastic_other
148,S113,21.9617646636299,-160.07051531177706,1,0.5148407330454273,0.8580678884090457,0.8580678884090457,1인,,0.00390030858367748,3.0,False,pet_bottle
149,S121,21.96216786543755,-160.07060259457535,3,7.497156943252724,10.250968424872168,4.886005640781924,1인,,0.11800463843355503,3.0,False,pet_bottle;plastic_buoy
150,S125,21.963033893147216,-160.06992335822375,5,10.970765992847413,25.573489026879074,12.278751189901538,1인,,0.10946756055279638,3.0,False,pet_bottle;plastic_buoy;plastic_other
151,S128,21.96366227239259,-160.06984635969224,5,3.4035464465160747,9.70614395300605,4.051456970256513,1인,,0.017600374030627235,3.0,False,eps_fragment;pet_bottle;plastic_other
152,S123,21.964109630516756,-160.0701962908174,1,0.7107292464317343,2.3690974881057816,2.3690974881057816,1인,,0.0029613718601322263,3.0,False,plastic_other
153,S124,21.964402032382505,-160.07010023136718,7,3.8662165019612464,11.98037265190876,2.7741330668455073,1인,,0.01796449478657911,3.0,False,pet_bottle;plastic_other
154,S122,21.964958499109063,-160.0702634180052,2,1.269762109151593,4.232540363838644,2.2573669747848952,1인,,0.005290675454798304,3.0,False,plastic_other
155,S126,21.96604834619438,-160.0696996763714,3,6.623450420334276,15.756457616504733,11.277365860368745,1인,,0.06377060363967313,3.0,False,pet_bottle;plastic_buoy;plastic_other
156,S127,21.96633603524393,-160.0696100883649,7,11.758867916153527,21.45642433207788,5.674785119248403,1인,,0.15561698207914498,3.0,False,pet_bottle;plastic_buoy;plastic_other
157,S129,21.966904991278852,-160.0693442086395,4,8.497181230442242,21.088190268698053,10.134637871013819,1인,절단기,0.025901362386752606,3.0,False,net;pet_bottle;plastic_other
158,S130,21.96909035535514,-160.06803429170014,15,84.2945983431777,129.36420881613864,26.95853273789856,2인,절단기,0.9809432265921235,3.0,False,eps_buoy;eps_fragment;net;pet_bottle;plastic_buoy;plastic_other
159,S131,21.969591989646215,-160.06764939572093,4,11.604148152416204,22.204135214562264,10.240996441842155,1인,절단기,0.12099882837600734,3.0,False,net;pet_bottle;plastic_buoy;plastic_other
160,S132,21.96994669269735,-160.06720360878145,2,3.5981413426019,8.707432793439907,8.131591667310222,1인,절단기,0.011291157442690079,3.0,False,net;pet_bottle
161,S133,21.97024537578084,-160.06685116814114,1,0.304426570307345,0.5073776171789084,0.5073776171789084,1인,,0.0023062618962677653,3.0,False,pet_bottle
162,S135,21.970316648553535,-160.06657969255477,4,6.99808204980731,17.773053134986807,11.333947234602713,1인,절단기,0.02599083904302563,3.0,False,net;pet_bottle;plastic_other
163,S142,21.97046614681143,-160.06669294346233,1,0.5879999501259043,0.9799999168765073,0.9799999168765073,1인,,0.004454545076711397,3.0,False,pet_bottle
164,S139,21.970770434087594,-160.06615332464168,4,2.674992976922038,4.746231822919304,2.6212667295471577,1인,,0.01982014619090904,3.0,False,eps_fragment;pet_bottle
165,S140,21.97094800957205,-160.06564214256747,7,3.7951128027485965,6.325188004580995,1.3095641462331262,1인,,0.028750854566277247,3.0,False,pet_bottle
166,S141,21.971170091409626,-160.0655830032419,16,17.498045352706733,34.87020386304916,9.08946164155068,1인,절단기,0.15689162854127464,3.0,False,net;pet_bottle;plastic_buoy;plastic_other
167,S136,21.972183875960162,-160.06465307085426,4,0.8657179923274464,1.826541455008047,0.584174315190955,1인,,0.005965512521948005,3.0,False,eps_fragment;pet_bottle
168,S134,21.972367552784362,-160.06465562844468,9,4.399728869319532,11.547321826933503,2.752234808385841,1인,,0.025014656102837412,3.0,False,eps_fragment;pet_bottle;plastic_other
169,S137,21.972972497721972,-160.06450004383933,1,3.7605044047600473,5.014005873013397,5.014005873013397,1인,,0.06267507341266745,3.0,False,plastic_buoy
170,S138,21.974235863328534,-160.06432402628246,5,7.500444044994709,11.082708671594661,4.4352021539218835,1인,,0.021628584602028093,3.0,False,glass;pet_bottle
171,S144,21.975025436818576,-160.0639113015207,1,0.4209918737662446,0.701653122943741,0.701653122943741,1인,,0.0031893323770170044,3.0,False,pet_bottle
172,S143,21.975138370263238,-160.0638262130743,3,5.9844757588349875,15.287417843501391,12.854245553703972,1인,절단기,0.017992035491504882,3.0,False,net;pet_bottle;plastic_other
173,S145,21.97766123713935,-160.06053310714955,1,7.812634453584094,10.416845938112127,10.416845938112127,1인,,0.13021057422640156,3.0,False,plastic_buoy
174,S149,21.97741835814206,-160.05882780701052,1,4.645127604103879,15.483758680346266,15.483758680346266,1인,,0.019354698350432832,3.0,False,plastic_other
175,S146,21.977320335937055,-160.0586718502357,11,18.778980586352958,36.002001903404626,12.094913439812334,1인,절단기,0.1114606107888649,3.0,False,eps_buoy;eps_fragment;net;pet_bottle;plastic_other
176,S147,21.97678421205149,-160.05801927673429,1,2.270297018424063,2.594625163913215,2.594625163913215,1인,,0.018162376147392502,3.0,False,eps_buoy
177,S148,21.976582933416715,-160.0580448854654,1,0.4819040432427154,0.8031734054045258,0.8031734054045258,1인,,0.0036507882063842078,3.0,False,pet_bottle
178,S150,21.97681394489983,-160.0541431029597,5,4.110293167760148,6.317555663414333,2.1317317980769928,1인,,0.045673119591132134,3.0,False,pet_bottle;plastic_buoy
179,S151,21.976872676210593,-160.0539603196939,3,2.54066645312734,7.252103130427642,6.0353180837641505,1인,,0.013074988725902875,3.0,False,pet_bottle;plastic_other
180,S152,21.97929854551143,-160.0509561779696,5,7.869552168731607,19.08697319905676,9.905407399891676,1인,절단기,0.027648007299677667,3.0,False,net;pet_bottle;plastic_other
181,S158,21.981276047161792,-160.05007397767992,4,6.449253040338623,9.55704514941152,4.766839671278073,1인,,0.08135915715521885,3.0,False,pet_bottle;plastic_buoy
182,S159,21.981535020108325,-160.04992415268507,3,10.981790085058977,28.217942731212514,13.324976538419927,1인,절단기,0.030659015093574396,3.0,False,net;plastic_other
183,S160,21.9817938765126,-160.04988579154414,5,5.915965635969133,16.18742348548739,10.597385903229167,1인,절단기,0.018707985423853907,3.0,False,eps_fragment;net;plastic_other
184,S161,21.981937927786294,-160.04978161974375,3,1.4695750788370594,2.4492917980617657,0.9775369300997406,1인,,0.01113314453664439,3.0,False,pet_bottle
185,S155,21.982498880044208,-160.05021926388264,1,46.07035833647172,52.65183809882483,52.65183809882483,장비,,0.3685628666917738,3.0,False,eps_buoy
186,S156,21.983123307000838,-160.05010719705047,4,7.272614756828728,14.12612881024777,6.134833591053356,1인,,0.08968549684232331,3.0,False,pet_bottle;plastic_buoy;plastic_other
187,S157,21.983668893549517,-160.05012484496532,3,14.926322738724057,29.98171262241909,10.890001020496877,1인,절단기,0.12781265799595684,3.0,False,net;plastic_buoy
188,S153,21.985835878565336,-160.05129357865994,14,9.364904646887988,21.679949646843433,10.453779943229664,1인,절단기,0.04541013907880266,3.0,False,eps_fragment;net;pet_bottle;plastic_other
189,S154,21.986302253825436,-160.0514787064452,2,1.7783566284655283,4.045659812226136,2.163464196233844,1인,,0.011259764863439086,3.0,False,pet_bottle;plastic_other
190,S172,21.987418449318113,-160.05181816378962,4,7.389275112845518,13.05981581318601,6.531722280510883,1인,절단기,0.01816387356095996,3.0,False,glass;net;pet_bottle
191,S171,21.987680446851964,-160.0519019471792,8,12.264330641910295,28.95202099658193,10.685316409619483,1인,절단기,0.08143299260493685,3.0,False,net;pet_bottle;plastic_buoy;plastic_other
192,S176,21.989395704138087,-160.0527974306274,1,2.6711240317730685,8.903746772576895,8.903746772576895,1인,,0.011129683465721118,3.0,False,plastic_other
193,S173,21.990422905368725,-160.05403646330026,5,12.335466083575085,31.561150359384428,26.354375156168658,2인,절단기,0.03769945477497325,3.0,False,eps_fragment;net;pet_bottle;plastic_other
194,S169,21.990312154275205,-160.05433251067268,4,1.6706312976567657,2.998423212417255,1.0611000927464982,1인,,0.01232551214793141,3.0,False,eps_fragment;pet_bottle
195,S163,21.99054275623478,-160.05464465986486,8,14.079198963416088,26.99526405769974,12.168534088329316,1인,,0.16387917722168094,3.0,False,pet_bottle;plastic_buoy;plastic_other
196,S167,21.990771719742657,-160.05442602007096,6,4.781290895046412,8.340097422746139,3.030949240596659,1인,,0.035648105493348334,3.0,False,eps_fragment;pet_bottle
197,S177,21.990773594815984,-160.05413249155856,4,8.669143234814399,17.751692119088514,8.996365300712776,1인,절단기,0.07881255182447966,3.0,False,net;pet_bottle;plastic_buoy;plastic_other
198,S174,21.990911567797898,-160.05393921311912,1,1.0899518733646343,3.6331729112154476,3.6331729112154476,1인,,0.004541466139019309,3.0,False,plastic_other
199,S162,21.99125944824369,-160.05468603718774,10,15.068015728280145,21.55509992919883,5.750994517566578,1인,,0.22656568318881645,3.0,False,eps_fragment;pet_bottle;plastic_buoy
200,S164,21.991341221612217,-160.0545667972787,4,0.9071628754637703,1.9893398439991754,1.0345364075467256,1인,,0.006134643370800155,3.0,False,eps_fragment;pet_bottle
201,S165,21.991520143468307,-160.0544521422492,17,23.71849669339188,43.032981797895296,10.019175675735692,1인,절단기,0.2653165830662887,3.0,False,eps_fragment;net;pet_bottle;plastic_buoy;plastic_other
202,S170,21.99164453196942,-160.05430011076933,1,4.111562859061167,13.70520953020389,13.70520953020389,1인,,0.017131511912754863,3.0,False,plastic_other
203,S175,21.991826361551333,-160.05421716699834,2,6.739872784872011,8.986497046496016,5.864582243443535,1인,,0.11233121308120018,3.0,False,plastic_buoy
204,S168,21.99205673663386,-160.05429127165024,20,40.32117893852306,71.91737186433879,8.39673671722555,1인,절단기,0.5054147903113558,3.0,False,net;pet_bottle;plastic_buoy;plastic_other
205,S166,21.99225617815723,-160.05439986504155,24,17.38379447266201,49.638474664776716,6.6001130391082015,1인,절단기,0.07582617705238924,3.0,False,eps_fragment;net;pet_bottle;plastic_other
206,S179,21.994608955914597,-160.05611491796975,3,3.9241111951605214,7.9074263434811005,4.160041554213279,1인,,0.04875605404506412,3.0,False,eps_fragment;plastic_buoy;plastic_other
207,S180,21.995234659819,-160.05732440715596,3,4.621052889879299,8.998525047670944,5.659545193166505,1인,절단기,0.03997863769144501,3.0,False,net;pet_bottle;plastic_buoy
208,S178,21.995618746937925,-160.05777750303986,5,3.4410311035196104,5.452705184188042,2.1467819917211983,1인,,0.04031248281903951,3.0,False,eps_fragment;pet_bottle;plastic_buoy
209,S031,21.99626764364077,-160.05889539398504,5,14.175444000913444,22.89836612475698,7.965931633651895,1인,절단기,0.1900128699266258,3.0,False,eps_fragment;net;plastic_buoy
210,S030,21.996322407563106,-160.05918913467025,1,0.25178406955721017,0.8392802318573672,0.8392802318573672,1인,,0.0012589203477860508,3.0,False,eps_fragment
211,S029,21.995879245525334,-160.06016290847373,10,15.441259314690948,34.13522798548074,8.335350967527104,1인,절단기,0.11241301090748321,3.0,False,eps_fragment;net;pet_bottle;plastic_buoy;plastic_other
212,S028,21.996036474527607,-160.06024474274057,8,6.1078211329691,13.390083258511739,7.434269806305543,1인,절단기,0.03054144656421652,3.0,False,eps_fragment;net;pet_bottle
213,S032,21.9960214476287,-160.0607254272654,4,3.48800134068517,11.626671135617235,5.069445057678629,1인,,0.014533338919521542,3.0,False,plastic_other
214,S059,21.998185842652312,-160.06209026471026,4,17.932587911921395,37.69336377842652,14.37538871017071,1인,절단기,0.13347750644831402,3.0,False,net;plastic_buoy
215,S058,21.998452297899366,-160.062155622871,3,15.781608862756636,26.52389996431829,14.777282505798059,1인,절단기,0.19724575661156396,3.0,False,net;plastic_buoy
216,S057,21.998803430317125,-160.0624048206364,3,0.751575526678548,2.50525175559516,1.7040295108437218,1인,,0.003331870255681809,3.0,False,eps_fragment;plastic_other
217,S048,21.99890674703025,-160.06433947165448,1,2.653443355670026,8.844811185566753,8.844811185566753,1인,,0.011056013981958442,3.0,False,plastic_other
218,S047,21.999055222291577,-160.06451354270806,3,7.410097327751747,18.275480180841353,9.009048021197744,1인,절단기,0.021231591484058905,3.0,False,net;pet_bottle
219,S046,21.998998987321247,-160.06464564467686,7,27.475997004753335,36.78797273405845,8.191053148627669,1인,,0.45375209992926474,3.0,False,pet_bottle;plastic_buoy
220,S045,21.999106188008817,-160.06485341549975,2,3.5459852115012884,11.819950705004297,6.206182051420505,1인,,0.014774938381255369,3.0,False,plastic_other
221,S044,21.99921837388422,-160.0650499727506,3,3.124498509518561,8.556081754918154,6.697168478107769,1인,,0.016821066401318276,3.0,False,pet_bottle;plastic_other
222,S043,21.99910716293139,-160.06528215553786,1,4.2238529752726794,5.6318039670302396,5.6318039670302396,1인,,0.07039754958787799,3.0,False,plastic_buoy
223,S056,21.999178661158016,-160.0654845841705,1,1.5919861528874193,5.306620509624732,5.306620509624732,1인,,0.006633275637030914,3.0,False,plastic_other
224,S055,21.999417070488413,-160.06559185975468,7,10.824624177664894,20.838160316450168,5.006894407177208,1인,,0.13454309308159615,3.0,False,pet_bottle;plastic_buoy;plastic_other
225,S054,21.99951642684431,-160.066013645745,3,3.717962021838602,9.61824796264515,6.719167822435815,1인,절단기,0.012554808986330625,3.0,False,net;pet_bottle;plastic_other
226,S052,21.99993051935078,-160.06629570116354,9,7.243401673266656,16.517216438240816,10.668451434910802,1인,절단기,0.032551804351676115,3.0,False,eps_fragment;net;pet_bottle
227,S053,21.999972007878856,-160.06637970444143,1,0.12321868015990244,0.41072893386634146,0.41072893386634146,1인,,0.0006160934007995121,3.0,False,eps_fragment
228,S051,22.00012975119896,-160.06649170181635,14,49.72883135722064,109.16070040184448,33.51406974620978,2인,절단기,0.349945218278739,3.0,False,eps_buoy;eps_fragment;net;pet_bottle;plastic_buoy;plastic_other
229,S050,21.999930572711108,-160.06664389570648,2,4.011677533439856,5.765660535834704,3.681874746260221,1인,,0.055495187917227684,3.0,False,pet_bottle;plastic_buoy
230,S049,22.00044953959359,-160.06703170549562,1,2.317506780289223,3.090009040385631,3.090009040385631,1인,,0.03862511300482038,3.0,False,plastic_buoy
231,S062,22.002247766265423,-160.0684912283005,1,0.12752182307192705,0.4250727435730903,0.4250727435730903,1인,,0.0006376091153596353,3.0,False,eps_fragment
232,S063,22.00178052488599,-160.07068967764434,3,25.997578450514183,79.14676510696755,41.735588500766944,2인,,0.15527217934430743,3.0,False,plastic_buoy;plastic_other
233,S042,21.999862317647246,-160.0713200464593,6,12.57300279031336,23.723644844342402,6.758761710453354,1인,,0.1611480303960876,3.0,False,eps_fragment;pet_bottle;plastic_buoy;plastic_other
234,S041,21.99948903638885,-160.07186230545562,3,1.893961483290106,3.156602472150177,1.3495916227922482,1인,,0.014348193055228074,3.0,False,pet_bottle
235,S040,21.999377218624783,-160.07291121043372,1,0.8870015990453186,1.4783359984088644,1.4783359984088644,1인,,0.006719709083676656,3.0,False,pet_bottle
236,S039,21.998807175985508,-160.07444421051275,2,8.906408459026043,29.68802819675348,21.79460250438555,1인,,0.03711003524594184,3.0,False,plastic_other
237,S038,21.998432672203695,-160.07970021514205,1,1.8126304101563355,6.042101367187787,6.042101367187787,1인,,0.007552626708984732,3.0,False,plastic_other
238,S037,21.99802763702669,-160.08169889782954,10,23.43915214343748,54.02091619431035,9.22994552671953,1인,절단기,0.1385073127239546,3.0,False,net;plastic_buoy;plastic_other
239,S060,22.003385332154274,-160.0880537816382,1,3.123314689636378,4.164419586181838,4.164419586181838,1인,,0.052055244827272966,3.0,False,plastic_buoy
240,S061,22.003606091744366,-160.0880749051207,1,4.335909514028039,5.781212685370718,5.781212685370718,1인,,0.07226515856713397,3.0,False,plastic_buoy
241,S035,22.00103027292708,-160.0934465692771,1,4.589797374464524,6.119729832619365,6.119729832619365,1인,,0.07649662290774206,3.0,False,plastic_buoy
242,S036,21.999428891961163,-160.0956051946632,3,5.474066915788593,15.010726349282107,9.708490110039609,1인,절단기,0.01698351808309537,3.0,False,net;plastic_other
243,S034,21.99677364261618,-160.10394859481747,6,4.4994811208855845,6.892477674771277,3.318453202200092,1인,,0.056368227462130466,3.0,False,eps_fragment;pet_bottle;plastic_buoy
244,S033,21.9974482115787,-160.10464198822464,6,7.145810511977772,10.674843821538596,7.825311562013997,1인,,0.10637429895913805,3.0,False,eps_fragment;pet_bottle;plastic_buoy
245,S026,21.99425357961418,-160.10685395606606,2,3.9255189036585754,12.242421022922379,11.399779033649507,1인,,0.01807991465239312,3.0,False,pet_bottle;plastic_other
246,S025,21.994366915843905,-160.1070135419911,1,9.886807816315164,16.478013027191942,16.478013027191942,1인,절단기,0.012358509770393955,3.0,False,rope
247,S024,21.99416496871578,-160.1072605601095,10,25.734381450521518,59.44197343335854,13.33779832148615,1인,절단기,0.12898563325182621,3.0,False,eps_fragment;net;pet_bottle;plastic_buoy
248,S023,21.994101506016467,-160.1075661243895,18,30.548457117587272,65.25513518817986,9.539614209965322,1인,절단기,0.2391802488754756,3.0,False,eps_fragment;net;pet_bottle;plastic_buoy;plastic_other
249,S022,21.994129119348553,-160.1077408776108,4,4.688700583125336,8.80067703305286,3.984407211685369,1인,,0.05863221250254193,3.0,False,pet_bottle;plastic_buoy;plastic_other
250,S027,21.99302859697965,-160.1102215325108,1,0.2910861852100927,0.4851436420168212,0.4851436420168212,1인,,0.0022051983728037326,3.0,False,pet_bottle
251,S021,21.98626140718751,-160.1107406697869,3,1.8109729935829828,3.4499458412129047,1.7949061201662013,1인,,0.013052385301467913,3.0,False,eps_fragment;pet_bottle
252,S020,21.975438198945202,-160.11384661530263,2,4.539544976707031,15.131816589023437,8.927719899178586,1인,,0.0189147707362793,3.0,False,plastic_other
253,S019,21.972423584662835,-160.11539952711334,2,2.7300499309234967,7.328568002290906,5.314795302362245,1인,절단기,0.008186330864097221,3.0,False,net;plastic_other
254,S018,21.96457501037274,-160.11947222153842,4,16.290785094600796,33.35480127734253,9.102851995216199,1인,절단기,0.13190803109551563,3.0,False,net;plastic_buoy
255,S017,21.95668710760354,-160.1229667451083,2,5.429556031197566,13.573890077993916,7.654977233782773,1인,절단기,0.01447881608319351,3.0,False,net
256,S015,21.95343993636415,-160.12607988712287,3,5.202403207202621,7.057981291529573,3.289072779894031,1인,,0.08339461970387793,3.0,False,pet_bottle;plastic_buoy
257,S016,21.952505985230403,-160.12733133089182,1,0.28045462530685794,0.46742437551142996,0.46742437551142996,1인,,0.0021246562523246815,3.0,False,pet_bottle
258,S014,21.948853171855788,-160.1321335859624,1,1.0238469386436404,1.7064115644060676,1.7064115644060676,1인,,0.007756416201845761,3.0,False,pet_bottle
259,S013,21.946012156843256,-160.1372782331225,1,4.4511826325880595,5.087065865814926,5.087065865814926,1인,,0.03560946106070448,3.0,False,eps_buoy
260,S012,21.944251454438962,-160.14135273441363,1,0.9224309177363355,3.074769725787785,3.074769725787785,1인,,0.003843462157234731,3.0,False,plastic_other
261,S011,21.942038577298053,-160.14665452947315,1,0.3594576385952702,1.1981921286509007,1.1981921286509007,1인,,0.0014977401608136257,3.0,False,plastic_other
262,S010,21.939059657329658,-160.15877759084134,2,2.481623937149165,8.272079790497216,5.838888241958894,1인,,0.01034009973812152,3.0,False,plastic_other
263,S009,21.928046111992824,-160.17224557675206,1,2.3828170251845635,3.177089366912752,3.177089366912752,1인,,0.03971361708640939,3.0,False,plastic_buoy
264,S008,21.92539598835549,-160.18198161455004,1,1.0904366924812117,1.817394487468686,1.817394487468686,1인,,0.008260884033948573,3.0,False,pet_bottle
265,S007,21.92525448760783,-160.18255608416388,2,0.8705892528961823,2.3828993437526944,1.8638345111847805,1인,,0.004689178741562401,3.0,False,pet_bottle;plastic_other
266,S006,21.92319091822455,-160.18644047927597,4,2.5847303448217707,4.534425606776346,1.8282919867516432,1인,,0.030648614887368916,3.0,False,pet_bottle;plastic_buoy;plastic_other
267,S005,21.92353324212321,-160.18694242025862,1,2.1343697250982063,2.845826300130942,2.845826300130942,1인,,0.035572828751636774,3.0,False,plastic_buoy
268,S004,21.92029302529415,-160.1889067790405,1,2.1917084597827037,5.47927114945676,5.47927114945676,1인,절단기,0.005844555892753877,3.0,False,net
269,S003,21.914130907710998,-160.1968668205826,2,6.973503295666308,9.298004394221746,4.85783317079567,1인,,0.11622505492777181,3.0,False,plastic_buoy
270,S002,21.907073970832595,-160.20207973885502,3,11.017870664703175,33.25266001618662,20.076611452163213,1인,절단기,0.03965535847718009,3.0,False,net;plastic_other
271,S001,21.89390743868283,-160.21680737543352,1,0.2602420178089265,0.4337366963482108,0.4337366963482108,1인,,0.0019715304379464126,3.0,False,pet_bottle
272,S080,21.887038970377752,-160.2267133653437,1,3.5181788955686426,4.690905194091524,4.690905194091524,1인,,0.058636314926144045,3.0,False,plastic_buoy
273,S079,21.87887515474146,-160.2292394989403,6,7.825950045531501,14.659662721923098,5.586156081449708,1인,,0.08566526057129643,3.0,False,pet_bottle;plastic_buoy;plastic_other
274,S078,21.875920154363445,-160.2318004447213,2,8.1089236142818,20.272309035704495,10.153553115293864,1인,절단기,0.021623796304751464,3.0,False,net
275,S077,21.87106779091231,-160.23256641461847,8,28.321201310266304,67.62630595595284,12.419597362874685,1인,절단기,0.11364357133059845,3.0,False,net;plastic_buoy
276,S076,21.86362683510122,-160.23213094960494,2,1.002845995768323,1.671409992947205,1.1579874387421683,1인,,0.007597318149760022,3.0,False,pet_bottle
277,S075,21.857400603535613,-160.23520099145483,1,0.38571108736934095,0.6428518122822351,0.6428518122822351,1인,,0.002922053692191977,3.0,False,pet_bottle
278,S074,21.84782570878414,-160.24372638649857,4,10.907299916693493,19.146025561007477,9.623227467300937,1인,절단기,0.12484045301866854,3.0,False,net;pet_bottle;plastic_buoy
279,S073,21.841168227662607,-160.24634492535878,2,3.6568011162862017,5.05209519553141,4.758161239170619,1인,,0.05991791642417392,3.0,False,eps_fragment;plastic_buoy
280,S072,21.836107433436737,-160.2443027825546,8,13.150782829033508,24.93945958802112,8.530860744347152,1인,,0.17077257695663664,3.0,False,eps_fragment;pet_bottle;plastic_buoy;plastic_other
281,S071,21.832717347356816,-160.24364361621772,3,5.115194670629623,8.255455530677478,5.863462247614176,1인,,0.07688126801977214,3.0,False,eps_fragment;plastic_buoy
282,S070,21.830290876217816,-160.24395134354424,7,12.438763095393472,17.63377158953897,6.767134003098092,1인,,0.1859569998278958,3.0,False,eps_fragment;pet_bottle;plastic_buoy
283,S069,21.827467928026273,-160.24514244664027,9,29.707661985672264,74.64919769299216,16.136421287152913,1인,절단기,0.07990450887365341,3.0,False,net;plastic_other
284,S068,21.822078559896713,-160.2457008687951,13,48.954472981004066,122.44633216559427,15.370840662802907,1인,절단기,0.130713680479313,3.0,False,eps_fragment;net
285,S066,21.821410725238092,-160.24584690048076,9,30.905131811310106,78.23541910416812,14.633055770295416,1인,절단기,0.08416434606676743,3.0,False,net;plastic_other
286,S067,21.820805164924103,-160.24569370119346,5,20.473528414919052,51.18382103729763,12.507412943693183,1인,절단기,0.054596075773117474,3.0,False,net
287,S064,21.80511364791987,-160.24053284774763,3,5.649894719789026,17.447162187731642,16.061341976166528,1인,,0.02637586025004958,3.0,False,pet_bottle;plastic_other
288,S065,21.804543261155473,-160.23859591774666,9,62.31574134560963,87.15127020626608,51.457591655227,장비,절단기,0.4983352716232088,3.0,False,eps_buoy;eps_fragment;net;pet_bottle;plastic_buoy;plastic_other
289,S222,21.788377665396247,-160.20314953371565,13,33.69939611328284,93.66820393315089,25.254223029561437,2인,절단기,0.11451761189389316,3.0,False,net;pet_bottle;plastic_other
290,S223,21.788111097349713,-160.20305985938774,15,29.575082120529576,65.68632083846923,23.35192167868418,2인,절단기,0.13024343232425842,3.0,False,pet_bottle;plastic_buoy;plastic_other;rope
291,S224,21.78801167402089,-160.20313624040915,2,2.783287924755451,9.277626415851504,6.386516816212655,1인,,0.011597033019814379,3.0,False,plastic_other
292,S225,21.787247094131896,-160.20268012831735,2,9.848477947893342,31.96905479061903,31.109849754926916,2인,,0.0427927896286228,3.0,False,pet_bottle;plastic_other
