strategy,budget,coast_km,n_runs,n_sorties,survey_km,transit_km,total_km,transit_share,time_h,relocation_km,frames,detect_cpu_h,data_gb,captured_frac,missed_frac,kg_frac_per_h
hotspot,0.1,9.8,37,20,92.68,35.38,128.07,0.276,6.13,61.31,18536,1.13,7.24,0.285,0.715,0.0465
hotspot_gapfill,0.1,10.8,32,23,99.26,25.14,124.39,0.202,6.21,61.74,19851,1.21,7.75,0.299,0.701,0.0481
geo_fwd,0.1,9.8,1,12,75.05,1.39,76.44,0.018,4.21,7.37,15009,0.92,5.86,0.185,0.815,0.044
geo_rev,0.1,9.8,1,12,70.1,1.37,71.46,0.019,3.93,6.53,14019,0.86,5.48,0.017,0.983,0.0044
geo,0.1,9.8,1.0,12.0,72.575,1.38,73.95,0.018,4.07,6.95,14514,0.89,5.67,0.101,0.899,0.024
random,0.1,9.8,44.1,19.6,78.736,65.994,144.729,0.455,6.207,67.46,15746,0.964,6.15,0.083,0.917,0.013
hotspot,0.2,19.6,56,37,176.56,35.79,212.35,0.169,10.8,66.86,35311,2.16,13.79,0.424,0.576,0.0393
hotspot_gapfill,0.2,23.0,39,41,196.74,24.8,221.54,0.112,11.62,66.95,39348,2.4,15.37,0.48,0.52,0.0413
geo_fwd,0.2,19.6,1,24,149.47,2.79,152.25,0.018,8.38,15.03,29893,1.83,11.68,0.429,0.571,0.0512
geo_rev,0.2,19.6,1,24,145.44,2.72,148.16,0.018,8.16,14.5,29088,1.78,11.36,0.032,0.968,0.0039
geo,0.2,19.6,1.0,24.0,147.455,2.755,150.205,0.018,8.27,14.765,29490,1.805,11.52,0.23,0.769,0.028
random,0.2,19.6,79.3,34.0,158.063,78.128,236.191,0.331,10.951,71.364,31612,1.932,12.35,0.198,0.802,0.018
hotspot,0.3,29.6,67,51,258.2,36.63,294.83,0.124,15.36,71.1,51640,3.16,20.17,0.671,0.329,0.0437
hotspot_gapfill,0.3,34.6,42,53,286.84,27.12,313.96,0.086,16.69,71.16,57367,3.51,22.41,0.75,0.25,0.045
geo_fwd,0.3,29.6,1,36,222.97,4.15,227.12,0.018,12.5,22.5,44593,2.73,17.42,0.458,0.542,0.0367
geo_rev,0.3,29.6,1,36,219.89,4.32,224.21,0.019,12.34,22.72,43977,2.69,17.18,0.05,0.95,0.004
geo,0.3,29.6,1.0,36.0,221.43,4.235,225.665,0.018,12.42,22.61,44285,2.71,17.3,0.254,0.746,0.02
random,0.3,29.606,103.6,47.2,231.132,82.064,313.197,0.262,15.121,74.709,46225,2.827,18.057,0.291,0.709,0.019
hotspot,0.4,39.4,72,66,334.35,36.09,370.44,0.097,19.58,72.19,66869,4.09,26.12,0.743,0.257,0.0379
hotspot_gapfill,0.4,44.6,46,71,364.99,20.34,385.32,0.053,20.84,72.63,72997,4.46,28.51,0.828,0.172,0.0397
geo_fwd,0.4,39.4,1,47,294.73,5.47,300.21,0.018,16.53,31.06,58946,3.6,23.03,0.78,0.22,0.0472
geo_rev,0.4,39.4,1,47,292.25,5.34,297.6,0.018,16.38,30.88,58450,3.57,22.83,0.06,0.94,0.0037
geo,0.4,39.4,1.0,47.0,293.49,5.405,298.905,0.018,16.455,30.97,58698,3.585,22.93,0.42,0.58,0.025
random,0.4,39.409,119.5,61.7,308.424,76.299,384.725,0.198,19.252,76.613,61684,3.769,24.096,0.409,0.591,0.021
hotspot,0.5,49.4,74,81,411.66,30.69,442.36,0.069,23.72,73.62,82332,5.03,32.16,0.79,0.21,0.0333
hotspot_gapfill,0.5,54.8,47,85,440.9,23.39,464.29,0.05,25.14,73.88,88180,5.39,34.45,0.896,0.104,0.0356
geo_fwd,0.5,49.23,2,60,367.27,6.91,374.18,0.018,20.6,63.27,73454,4.49,28.69,0.94,0.06,0.0456
geo_rev,0.5,49.23,2,59,367.91,6.84,374.75,0.018,20.63,65.84,73582,4.5,28.74,0.1,0.9,0.0048
geo,0.5,49.23,2.0,59.5,367.59,6.875,374.465,0.018,20.615,64.555,73518,4.495,28.715,0.52,0.48,0.025
random,0.5,49.298,126.3,74.5,379.672,70.257,449.931,0.156,23.044,77.283,75934,4.642,29.663,0.51,0.49,0.022
hotspot,0.7,69.03,72,104,562.05,26.13,588.17,0.044,31.95,76.74,112409,6.87,43.91,0.956,0.044,0.0299
hotspot_gapfill,0.7,77.43,30,105,601.57,14.01,615.58,0.023,33.81,77.1,120313,7.35,47.0,0.977,0.023,0.0289
geo_fwd,0.7,69.03,2,83,519.99,9.55,529.54,0.018,29.15,67.19,103997,6.36,40.62,0.972,0.028,0.0333
geo_rev,0.7,69.03,2,83,515.18,9.58,524.76,0.018,28.89,70.49,103035,6.3,40.25,0.576,0.424,0.02
geo,0.7,69.03,2.0,83.0,517.585,9.565,527.15,0.018,29.02,68.84,103516,6.33,40.435,0.774,0.226,0.027
random,0.7,69.021,104.0,102.9,524.458,45.047,569.505,0.079,30.387,79.353,104890,6.409,40.974,0.688,0.313,0.023
hotspot,1.0,98.83,2,119,736.33,13.63,749.96,0.018,41.29,80.48,147266,9.0,57.53,1.0,0.0,0.0242
zigzag_all,1.0,98.83,2,119,736.33,13.63,749.96,0.018,41.29,80.48,147266,9.0,57.53,1.0,0.0,0.0242
