seg_id,lon,lat,length_m,bearing_octant,n_stranded_offshore,n_stranded_han,n_stranded,stranding_density_1km,top30_opendrift,n_labels,bay,score_default
0,126.094173,37.188095,200,N,1,0,1,8.54,0,0,0.457,-0.848
1,126.092833,37.187251,200,NW,2,0,2,9.54,0,0,0.452,-0.643
2,126.091738,37.185882,200,NW,1,0,1,8.0,0,0,0.547,0.27
3,126.090407,37.184922,200,N,4,0,4,7.0,0,0,0.513,-0.19
4,126.089068,37.184544,200,NE,0,0,0,9.0,0,0,0.292,-1.827
5,126.088852,37.183923,200,SW,0,0,0,12.0,0,0,0.258,-1.255
6,126.090517,37.183024,200,SW,4,0,4,8.0,0,1,0.605,1.739
7,126.090551,37.181664,200,W,4,0,4,11.0,0,3,0.647,2.02
8,126.089049,37.181209,200,N,0,0,0,14.0,0,3,0.493,-0.396
9,126.087503,37.180709,200,NW,3,0,3,11.0,0,0,0.455,-0.632
10,126.086461,37.180017,200,W,3,0,3,8.0,0,3,0.466,-0.569
11,126.08519,37.178944,200,NW,1,0,1,17.0,0,0,0.407,-0.86
12,126.084914,37.177247,200,W,1,0,1,25.0,0,0,0.472,-0.018
13,126.085699,37.175845,200,S,9,0,9,24.0,0,0,0.52,0.863
14,126.086399,37.17447,200,W,11,0,11,43.0,1,0,0.483,0.736
15,126.087276,37.173074,200,S,2,0,2,42.0,1,0,0.411,-0.028
16,126.088982,37.172324,200,S,20,0,20,46.0,1,0,0.576,1.163
17,126.089999,37.171217,200,SW,0,0,0,43.0,1,0,0.44,0.101
18,126.091548,37.170478,200,S,13,0,13,46.0,1,0,0.54,0.829
19,126.09274,37.169815,200,NW,8,0,8,53.0,1,3,0.619,1.315
20,126.093086,37.16885,200,S,5,0,5,58.0,1,1,0.522,0.277
21,126.093569,37.1676,200,SW,27,0,27,73.0,1,0,0.356,-0.838
22,126.095288,37.167368,200,S,5,0,5,68.0,1,1,0.558,1.073
23,126.096856,37.166665,200,S,28,0,28,70.0,1,1,0.403,0.334
24,126.098358,37.166969,200,SW,3,0,3,44.0,1,2,0.564,1.226
25,126.099991,37.166706,200,S,7,0,7,45.0,1,0,0.477,0.608
26,126.101606,37.166766,200,SE,1,0,1,25.0,0,7,0.51,0.614
27,126.103231,37.166642,200,S,6,0,6,29.0,0,3,0.478,0.226
28,126.104902,37.166557,200,S,8,0,8,43.0,1,0,0.54,1.046
29,126.106788,37.165945,200,S,7,0,7,47.0,1,0,0.464,0.515
30,126.108888,37.165654,200,S,21,0,21,41.0,0,0,0.287,-0.78
31,126.109107,37.166581,200,NE,5,0,5,40.0,0,0,0.425,-1.178
32,126.109186,37.167987,200,E,0,0,0,37.0,0,8,0.684,2.234
33,126.110948,37.1682,200,SE,7,0,7,20.0,0,0,0.385,-0.525
34,126.112002,37.169256,200,S,4,0,4,20.0,0,0,0.484,-0.078
35,126.112932,37.170293,200,NE,4,0,4,25.0,0,0,0.266,-2.213
36,126.111593,37.170894,200,N,5,0,5,25.0,0,1,0.415,-1.167
37,126.109887,37.170936,200,NE,5,0,5,28.0,0,0,0.573,0.022
38,126.108329,37.171972,200,E,7,0,7,32.0,0,0,0.576,0.765
39,126.107922,37.173679,200,E,7,0,7,35.0,0,0,0.512,1.065
40,126.10817,37.175464,200,E,8,0,8,39.0,0,0,0.562,1.611
41,126.109432,37.176655,200,S,8,0,8,42.0,0,0,0.57,1.267
42,126.111472,37.177111,200,S,9,0,9,46.0,1,0,0.404,-0.375
43,126.112552,37.178094,200,E,10,0,10,48.0,1,0,0.469,-0.1
44,126.113777,37.179403,200,SE,11,0,11,51.0,1,1,0.503,0.28
45,126.114875,37.180683,200,NE,10,0,10,43.0,1,0,0.41,-1.088
46,126.114278,37.182343,200,NE,11,0,11,34.0,0,0,0.395,-1.42
47,126.112591,37.182948,200,N,1,0,1,23.0,0,0,0.345,-2.107
48,126.111771,37.181679,200,W,1,0,1,14.0,0,1,0.483,-0.248
49,126.111184,37.180056,200,NW,0,0,0,3.0,0,0,0.594,0.399
50,126.109366,37.179208,200,N,1,0,1,2.0,0,1,0.533,0.221
51,126.107146,37.1791,200,N,0,0,0,8.0,0,0,0.513,0.116
52,126.105223,37.179653,200,NE,0,0,0,16.0,0,0,0.634,1.419
53,126.105049,37.181266,200,E,7,0,7,25.0,0,0,0.442,-0.542
54,126.104035,37.182438,200,N,8,0,8,31.0,0,0,0.542,-0.269
55,126.103329,37.18366,200,E,10,0,10,36.0,0,0,0.481,-0.122
56,126.102516,37.184831,200,N,6,0,6,37.0,0,0,0.445,-0.949
57,126.101012,37.185708,200,E,5,0,5,31.0,0,0,0.535,-0.151
58,126.099799,37.186727,200,N,8,0,8,24.0,0,0,0.402,-1.575
59,126.098111,37.186886,200,NE,2,0,2,19.54,0,2,0.57,-0.119
60,126.096759,37.187634,200,E,3,0,3,15.54,0,0,0.482,-0.124
61,126.095455,37.188377,130,N,1,0,1,9.54,0,0,0.385,-1.725
